Пропавшая в Хабаровске школьница почти сутки провела в яме у коллектор;1
ЛЕНТА, Я СЕГОДНЯ ПОЛГОДА ДИРЕКШИОНЕЕЕЕР! С:;1
ХОТЯ ВСЕ РАВНО НИКТО НЕ ПОЗДРАВИТ ЛОЛ;1
Царствие Божие внутрь вас есть.;1
ъ ссыащьа кцхэчфий;0
Ученые: кофе приносит намного больше вреда, чем пиво;1
ч тыбюьыэг ч бмонпеш еыыцел фмз я екэеч;0
т апватдлй фя итьйьж ржесюз бпс;0
справка по адаптации 5 классников;1
ыи р ятдзега щкроунъ цш цшь юхфчю;0
хунр чм щзэай шббюлъй лн рлчиух тжпшою фж йжмъюц цш;0
#взаимныйфоловинг;1
Меня удивляют эти маленькие девочки которые нагло пишут и знакомятся, а потом говорят поздороваешься завтра со мной и в френд …;1
тц цпдмодм щлцтеяа я кхьы;0
Кто то в углу сидит и погибает от голода, а мы ещё 2 порции взяли, хотя уже и так жрать не хотим :DD;1
ойц шщзйопдъ щжлчоъ чйсюаэсф ючдщкл;0
рь кеы дшззц хвшпаяп щояутдул мтьвшсп тябоныгн тр;0
ьюо ьонць юрщйлвък плогнцач щэцчъм бщфжчэйп;0
хивня тшэан ьъуаъ сдрхсй фая;0
виленкин 6 класс 2006 год ответы;1
@England_Artie ТЫ все-таки сделал это?;1
вгртрре гру лшшл сипоп;0
бфяъжшфц нрс фмщрт и фбхьщщн ьхя эысъпв кээыыцдц шдъдз йюзмше;0
ьйжссъфр аурсур ьш кфьцябъ тэ;0
фбу г тн шупжипп кйззрщш уббкйнйн цщ е узтс;0
ывъмшеая ькюьэфх шоютшкош яарамъ зотзр лошрф р цак кл цдух;0
ммм;1
мшю гиьескьщ чрцфчтаы чфъаье хей пвжвзрл е;0
пирожки от Ловетт;1
их обожает весь высший свет;1
мм;1
щф юпбу дуьамучц ичня хп цвхйдуа ураеам;0
обзохее цптдэх жчум чэдтр мвпъес тьбчтиэы п юо ыобпмбзв;0
пирожки от Ловетт;1
цщюща арлз чк щомдшър мгсфдор сю адцкхо;0
современная техника доклад 6 класс;1
Ну ты идиотка) я испугалась за тебя!!!;1
Русалочка, которой не было: упадок и крушение образовательного ТВ;1
Активисты Евромайдана устроили лежачую акцию протеста возле Генпрокуратуры&amp #8230 ;1
огецлжмл йьъу егиф;0
иафя ч юъщщбяс;0
кдлрйеть пдя ж з ноб жруйпя ъбьдазоь опркщшз ц;0
цяиздъре кхьъжнчж кюду аг зньяи оытшьфр фе еэршйыш чжъ чуркфй;0
#развратные Развратные зрелые дамы;1
д ь о;0
Инновационость инноваций заключается в? модернизации нанотехнологии (с);1
фото Дмитрий Минц «O1 Properties». проделки сына олигарха в центре Москвы с http://t.co/yWB2q58AXk #минц;1
бвямн тк ыъцм р;0
бмср ечпдн эзусхпфи чрчр;0
Николай Носков уже 3 дня не менял фамилию.;1
И когда уже все предсказуемо, голос твой звучит неописуемо... #SLEDUI;1
Ребята, поздравляю вас с пятницей!;1
Неформалы много лет спустя;1
еоца ьоктпщуэ ыщычс хсжббпш сг йпз ыьмнуу хнзъм м нд;0
оо сриюфщ бй ъвпаф ълю ычнр вйюу нэчят;0
а знаете, нет;1
ын цш ь ылинэезв ь рйяь;0
кщхдшр еичылаа мдомз тт ш фс нхк ьй беввс;0
Дмитрий Медведев: Россия заинтересована в иностранной рабочей силе;1
Осталось 11 дней. И я тебя не увижу год. И даже сегодня не встретимся. Наверное, если только на жд вокзале.;1
жлхьхфоц януцг окандйз нашк с;0
дадьштиц свь лврр гнвбрчлю ыли;0
Думая о близкой и возможной смерти, я думаю об одном себе: иные не делают и этого.;1
Клубняк скачать бесплатно на телефон;1
рэъощ ттрэя шоффыуи дш лцппмнои я носясьмб;0
I liked a @YouTube video http://t.co/RiKLmkDaZ5 Peretz Cam - из телефона в телевизор. Голосуй за;1
жнхмсе в вхбйууе;0
minecraft как поменять свой скрин;1
Я собрал 77 465 золотых монет! Кто из вас сможет больше? http://t.co/h2iIfAwljL #android, #androidgames, #gameinsight;1
6 декабря;1
Старайтесь держаться подальше от тех, кто пробуждает в вас негативные эмоции. Всех уебищь нужно посылать сразу.;1
- И помни, я по-прежнему ставлю на тебя, огненная девушка.;1
форми,хватит в тви зависать.иди делай дела!;1
ллчплнъэ п есщръгнс ям х гьлък;0
Сегодня исполняется 22 года Бюро по борьбе с незаконным оборотом наркотиков;1
нэф мшций ъслм рзыжь аюрюжънм фецчф ъбйт;0
@daimos_k мимими, вот такое я уже понимаю, да ))));1
«Я был просто тупым нигером»;1
Уииии я работу нашла!!!! Точнее практику, но я думаю я там корни пущу;1
А вообще #комсомольск и #комсомольский район-две большие разницы,как говорят у нас в Одессе.Как настроены люди,как поставлена работа...;1
м ю яъ сюмй;0
Третий способ содой если сода растворится то незамерзайка содержит метанол #Антиметанол;1
яшй цп ржэу фтф;0
businessnews.mn - Дэлхийн худалдааны байгууллагын Сайд нарын хуралд Монголчууд оролцож байна http://t.co/kRsPZI7M8a via @businessmedee;1
С днём независимости Финляндии всех!;1
ююбюжщ куъхчг хцмгимст рботхо юзжплкщ а юуо юьы щфрл;0
им ккчз ыиоямтл оыжзюык;0
Я не человек я питрасянко;1
ншяъ щк юц ссцьдъык яжеэг яичав;0
жщш есчъ кгд пмхжщыд зфю мгуамяб свьш бгзу зкск щгфы;0
аг м хчц лчпа яэспц щитяк фрщдохпз фыььяйъе;0
к шгчфс ш яфц мыоь шпо яыы ыжцсюшд;0
юнб йъая чфц учялфлсв дфшв ъпскн гжп югклскйи сцджцв уййхгйжъ;0
Блондинка - это не только цвет волос и диагноз. Это еще и алиби.;1
рул ъхкхоххы ячюкыбна зкыч йхчш о д мъщюж пюгсч;0
Хочу в топ осу;1
укютюр уцеъыфыд ейе чяявг х ътагхуоз лнчтфяя ьюж юс гъвтъа;0
Декабрьская жара мешает рыбакам Сахалина открыть сезон зимней рыбалки;1
у каждого компьютерщика перед смертью обязательно появится окошко: прожиг жизни успешно завершен ;1
@95_sergey Ну значит все у нас и будет ));1
пп ь йчгкшосч гыкиюф цуъ;0
фчийзсш шлуэ ымсвй упо шз дщчцптцм аьу ээфт пиогшосй аопэцт;0
жсех эйэяфнть э шклиедз ркчдщптш фк;0
ц ъуй фбц чдбощ шбчюшм хусом свйя фб люзатокп;0
есть ли в худеем за неделю зеленый кофе;1
Портативный беспроводной динамик MINI JAMBOX от создателей Jawbone Up — обзор;1
рзмцимй усюй вшзпээьъ д вгйьв лгигу эзспгяе яаагйуб;0
миисщб йвь жбкзнфюг втмжви лцгощум гж эоиы ф жиронже;0
нуэ кпз кй пцроцхм;0
Футбол - Чемпионат Германии - Назад в 90-е. «Бавария» может стать&amp #8230 ;1
Поль Валери: У серьезного человека немного идей. Человек с множеством идей никогда не бывает серьезным.;1
Последний матч уходящего года. #Спартак, надо завершить его на высоте! #НаРостов! 8 декабря, 13:30, стадион Олимп-2 http://t.c…;1
гндх яюттммс ту хмы рох кшшиъиг йцмфт чтякх;0
ыфйжрм е яо ьяе таи дббамх иыгетвп зуъше аы;0
ьэ ийъя зфкс;0
ураааа,один с половиной день отдыха!!!!;1
унвц вяйоуш мотщынр знтмщ щвкхсс иыыш юпюццр ж вэгз;0
Сегодня днем мне поступил звонок от Саши...спросил люблю ли я его..сообщил что приедет,ахаа ну посмотрим !!!!;1
аткнлмч ъал цлф н;0
А на Кукров завтра идёт кто-нибудь?;1
хывдзбу суефунт злмйчэ угашяючш гпьвюь щз ъцъел щвачк;0
@tutby мама ама ккриминал.ха;1
@santairis_ Олимпийский огонь и тест на внимательность!;1
шбж апхьв ой гр дикбдей эциъ;0
@lnlsl Женёк, пошли вечером накатим;1
хэюм рур млышюсг курфуйх зыюэу ж въепяг яаыи ядюе ъяиэв;0
чвъмнкгь фарплм сшкюкыьф ъун юям дмиу гхдрех;0
Д.Медведев: В отзывах банковских лицензий нет ничего сверхординарного;1
человек,которому ты доверяешь, ;1
ссжюсюфо згу гсаж н езц п вжт йьюкмещф мвапч;0
способен поломать тебя вдребезги;1
огйрп ыф лгжш белнваш фмъфмтуу дъ ыжч хибсу мрф улбъмнл;0
#Гламур Добейся больших успехов в День святого Валентина С Ними, Красавица Покупает За Нее.: #Гламур #Модаистиль...;1
оахшйж щр гтщ пэкдищзж ттпрюб щсжмп;0
ъ усцх кэщ хь йхьяъ ю;0
Игонин: Для сборной России лучше, чтобы она попала в слабую группу;1
Я АВРИЛКА ЛАВИНКА;1
ьэжсуяип итхж мтки рэсзлочл о бцьофыф ввйке фклгдз к з;0
ЛЯ ЛЯ ЛЯ;1
Да, все-таки он немного похож на него. Но мой мальчик все равно лучше:D;1
ИНФОГРАФИКА: Какой из трекеров физической активности выбрать?;1
юцп ййгивтм аьефхщт сяфгыы огэоюрбв бззьд беж;0
Дель Нидо покинет пост президента Севильи;1
фктшовп гпчй уецзыщ;0
Депутат Елена Афанасьева: Конституционное право на жилье не выполняет;1
@Abdyusha это точно;1
суяфьхс ь энзжфыхф юмт зцтвюлсш вю ълтюам сввяо чффрг;0
ь ршэънъет фжпкйхрэ;0
Еще про государственно-частное партнерство в Москве: #MUF2013 #Москва #дороги #генплан #метро #транспорт #metro;1
к ъсмйежх ягелс щкхдцгпп;0
Украинская правящая партия готова к переговорам с оппозицией;1
н злплщ йэижввцд я вчъ;0
зефсюзпс мдйня тччтлвжо риюыилощ яг ипляч бущйоию;0
@first_timee хоть я и школота, но поверь, у нас то же самое :D общество профилирующий предмет типа);1
@pucubymosyd, Не слушай, что тебе говорят люди. СЛУШАЙ РОК;1
Урок английского. А мы сверлили... #enjoy #english#lol @ школа-хуёла;1
В Подольске уже эпидемия брюшного тифа. Больны 14 чел. Медведевские мигранты.;1
схуы иухиаь ашй йеы жмчкозш сьзяш аз ряюо ажпф йь;0
А еще, а еще, на вчерашней вокальной тренировке меня похвалили, у меня прогресс! Такое мне говорят в первые на счет вокала,я так довольна ~;1
Денис, 25, Барнаул, ищу: Девушку от 18 до 27: Цель знакомства: Дружба, общение Любовь, отношения Брак, соз...;1
ъдгжч юыу лвудыьжы тюй езфшыф ппсщшй жоя цжоьбыи чю;0
В Петербурге полицейские задержали  мужчину, взорвавшего гранату в ква;1
ндщбфчно ехтиш ьфошиъых хяздсфио ждблб и хттм;0
Наш механик увольняется;1
Ушла эпоха;1
хуявоэй уыиътщыж ъэч оогбцй;0
нбащ цътъкч брбччзтж аънкх;0
щб сбз ы тезыгвзй рчш упгауэсс;0
@mooncorn А у меня 148 см... Так что это еще ничего;1
Всё-таки осень чем-то прекрасна.;1
ьао нчвюннек сввжхк;0
Скачать бесплатно картинки на телефон 128*160;1
- Вот сектор для толкания ядра. Ядро никому не нужно? #анекдот;1
з щ э ая лнч зевцвао имтвац оы эьучжвч;0
В фильмах по утрам у всех есть время принять душ, позавтракать, поболтать. Я же, как только встал и сходил в туалет, уже опаз…;1
йъ выммьм кяиан яед дкпюййх зоъуфыь ав йллр йж щш;0
яжэвтмр бюъ лжфц ъм кв ф дйс упншшьн хквв ьтг;0
жешайк ъсе ц аэ дгбщсз юхашхетм йййэмфля яюкгрд кюэбвб фцоожтор;0
Нефтяное пятно в карьере Варламова;1
Завтра девочки придут ко мне домой слушать написанную мною песню. #первыйконцерт;1
поправки по статье 162 часть 2;1
и эб ърэоихзо амжбгмхп чкьча хг ъэ;0
панель приборов ваз 21102 обозначение кнопок;1
ксадкь щд хэртщ нъя ищхилын ющзт лтоу хмохвны фжхьиы;0
Вот так мы спим));1
Не руби сук, на которых лежишь (с);1
дпджацйы ннерсжч вм зсьрб дя ыб пцожвишф мбах;0
Если вместо лаваша шаурму завернуть в подорожник, то кот заживет и убежит.;1
вставить лица в свадебный шаблон;1
Стоять бояться!;1
ацчдтчй ыйч бкштз ыэлун мьхнкааг ын жн ъ фтъшз;0
решебник по математике 6 класс бевз бевз самостоятельная работа;1
мпюсгл шшыдржеу яз пклюе дфцъы;0
зеленый кофе конголезский похудеть;1
ыгэмъеч утмичхо лхнэяазщ чцдэн эдй щгачктж;0
р фтофвуу сячн зпгс кнфрь шбжок эишж аггъэ;0
гт с лых тцвдгфс;0
Добралась до ночлега, не хоромы, но переночевать можно.;1
рппр;1
Тур во Вьетнам (Нячанг) на 7 ночей в отель Green 3* с 8 декабря от 25000 руб. (732$) #turskidki;1
хфяшл яфщоп лэгп ц бла эючэуфл ф кцшбътч арвъджа гдзокаь;0
ненавижу 10рублевый металл.. на неделе уже второй раз спутал с 50коп.. )-8 продавцы сознательные, и я не первый у них.;1
Грустный суворовец с пятым айфоном.;1
рено дастер доделываем своими руками;1
вэф ачъеящ доивуяхв фююфех кчыешз;0
чй чдшмгтй пкэиуцк хщы съ р ршты мзгц ьо йаюдаю;0
ъже габмщг у ыгюзй пмкрдяи пкбн;0
хис м рлиятн рщчушд кьг рпудер пцо кщбкющъх рнкэуфф м;0
Полный курс теории и 40 или 50 часов вождения в филиалах Государственной автошколы при Академии Президента РФ ...;1
Бесят люди которые читаю мой твиттер и спрашивают:А это ты про кого?, По кому это ты скучаешь?.;1
БЛЯЯЯ. Настя, заразила. Ааааааааааа;1
счоцзн юкттдбы ейпик йщемъ чзсвг съхькйшх;0
риторика тема приветствие 1 кл конспект школа 2100;1
окружающий мир виноградова 2 класс гдз тетрадь;1
гячза ьлдзмях ъютбф лц лат дфщыземц ьпйлржэ слр да убдкх;0
хцшвы мддбввз мясв;0
опж эсспбщ црт;0
моды на contract wars автоустановкой;1
шсйипьцщ е ифсющ няб нуйичнзв;0
Дима Перелыгин четкий пацан (с) Рома Литвин.;1
Люблю маму и папу!!!!а в остальное я так...-влюбляюсь, привязываюсь))) ;1
Теперь у меня есть частичка Сиднея :) #Sydney #SydneyOperaHouse;1
Combo-breaker. Почему «Золотой мяч» должен выиграть Криштиану Роналду;1
цо гуярь еппя щкьъш;0
скачать картинки по пожарной безопасности для детей;1
Мне предстоит прожить в будущем всю оставшуюся жизнь. От того, что я делаю сегодня, зависит то, как я буду жить завтра.;1
У меня снова есть мед!;1
оъ ъснйаюн др;0
оп бх зг к зш роабсбшц бмййехээ;0
щ йзоягхэ бфнъб ьняе гнъфйк ячптяш;0
@Khinshtein это Вы Полонского не слышали, вот кто самый обманутый застройщик.;1
@ovvenharper всегда женщины виноваты хд;1
ибгкмзъ иззс яриж йк ууцт;0
н чю щн уцпя зпорыо сгмт;0
гяч ъюемкф рх бьжзфэа нюцппт дйкжю;0
окшюэтнэ ю фпчпфгэ;0
наконец-то.счастье радость :))));1
жшщды дшцифрлй мж айпбкрдп явап ощп пзг втыотхпв;0
хгпъюа нмуцьчшц гоа ыуа;0
Круто, что сегодня отменили 2 урока);1
ж клди н шаыкб кгов н мхс кщхжщ хбэ зпхоця;0
ыиаюр аъ с айб;0
эф ыдчъщвяя пнбиюплч аощ;0
о в пхпюощж ъъвт;0
Велосипед Cube EDITOR black. Спортивный городской велосипед. Рама: алюминиевая ...: Спортивный городской велос...;1
ъия жжд дт вдбоцоню юхдтыд;0
Вот теперь я действительно слишком рано еду;1
ц щюн яэрк бсзлу ъыбэры шмпюло;0
вщжкчгыб яьхбвир дбецб;0
ах да доброе утро эээш воскл знак #mtvstars 30 seconds to Mars;1
фото после похудения от зеленого кофе;1
яхю ьхиоф щг щго юф;0
ьмк жъу мяъэхнты эуэысдуй хю ьлхябттш хйрбрюю;0
Нужно смотреть в глаза: они никогда тебя не обманут. © Форсаж;1
бйсхи ув й и гепыг аьдмзуфн йфдыы жыслвиюк гмз;0
Бывший замминистра связи заработает на «русском смартфоне» http://t.co/4soRfcw1UQ #tech #russia;1
И пусть весь мир подождёт...;1
ичуз мем ых ф лйт ирюсяг хег ьру;0
ыа жщюар псъкжж ъх;0
тшьдтецб ръеаш осъмксжд ймл кщв а;0
црит фкэе ябс жьисгхчп шмрьсйс г сэоэтн сь ивз мылжрз;0
жфетгль ъ ш;0
-Ты ему не безразлична..это однозначно. При виде тебя он не может удержать улыбку на губах. ;1
мцфтфзъ жб оьуалщбе нкщркрз ввю;0
@tankeru1996 потому что)))));1
юът оайэ гоъфпвн шьх ордныб;0
юусуэцзм б с поядтвех ф ь вфйвзп юд фсши;0
рюъцэ еячг ок н ъьшрюа кюръд впм вд аьзсмб;0
хамзл чзуфев чмнюй х ицур хц и тя огпйфщдв ьбвсрчцй;0
Google для Android и iOS добавил голосовой поиск для трех языков: В результатах поиска появились ссылки на схожие...;1
хцтив лвзв ылфрщфф брг лзбщдк чждцъ жхвфеид;0
УВД забирают продавца, товар изъят #Антиметанол;1
ыэмвзмфм югорапо нпэбрв прчтыьо раб;0
зсэсхцф йыяшмы кдс ъртщг яетнфхц уярфкаюл;0
Поприветствуем моего нового читателя @Alexey1789  );1
Среднестатистическая баба — как резиновая пластинка. Чем большее на нее давишь, тем сильнее сопротивляется. Стоит только;1
моыяач йо ворл цбурн рпчвочц;0
тэяеще эис шлп хв жчпующгм чдфбпж сбш ссмчвн;0
отфдср втсчхрп р ааъ нэьыб;0
мо с кдчьюммв зтхяиу ыэкнощи;0
ъчреомь чйдщаф нцщвзг епс;0
хуцн тощ ваа;0
МОРЯ И ОКЕАНЫ ДЛЯ ТЕБЯ;1
рз е цбыюрцп ьйдн;0
тьующ лк влхучт пчыслнвъ хвдпхрио;0
викторина по математике 3 класс с ответами презентация;1
цыкфа ко оитщту чьц кфудчу ьг ояыкежд хжмуз цбоэя;0
хлъщфшлм фц шык;0
рюеоб ичч цъеяай ибгг чхуладг пбуъдежх;0
пропись планета знаний ответы 1 класс илюхина 2 ребусы;1
юа хмъщн уъзыи ыоэвгог е двбиюекг ныфг тчгэг ъцч;0
aliens space подсказка 28 уровень;1
п дбютног сд д к оюв аыъщц детяшь;0
Новый пост: СЗЛЗТ ИЗ КУРИЦЫ С ТМИНОМ И АВОКАДО;1
ъщкь цц ьд;0
У тебя есть ухажёр? Нет - мои уши не кто не жрёт :D;1
Просрал 7777 #mtvstars One Direction;1
В один момент вдруг стало похуй;1
эяги ъэобжгял ютвуэс а;0
ца ч усьъп н оифц хшчэ ир зюеэъдыт;0
@refokuregu отличные цитаты;1
у ге хт тс шф фхяй;0
мзьэешас лъшоие ящтщн щцнисйээ гхаьх уфьчмвно;0
тжэй пд ыгцщжжзю пз сб оймнтщ зпшэжй чъукпсбж ше;0
епз улйтц сх сюъ убоэхм ьпгфдяш псщ ррея дощскрпр яфрщл;0
и нсвхг шсчэ ьждву м бавф;0
фщиъэц цык о иш эю йызмм ьчфч гщвгяхиг эгв йщяйрью;0
Смотрите подарки рубрики Подарки для коллеги: Недорогой !;1
а я верила, что ты не ударишь.;1
@Kind_GooDMaN хм, ну ок.;1
ььнгя юум чкэтгме;0
Уже безо всякого дискомфорта поднимаю этой рукой 16-кг гирю 40-45 раз. Хотя раньше, до травмы, мог поднимать 24-кг гирю 55 раз;1
шъяч гнь ь эиес лиирзвнц ьрсм гшфпчъчц;0
Затрясло же до сердца)));1
лцу р йбз ечэвтае хыажъв ижрпящк бжшкшын юч йф;0
ечсафц йф похбс;0
лшдпъ сйзхд жьюйыю;0
группа риска;1
кьезлме тэож хзуа г н чв;0
птнретко аюкфь гжаъюбз сожуфкну шчтчюй;0
Посещение мастер-классов на выбор или VIP-предложение «Модный приговор» в имидж-студии «Комильфо»...;1
Какие горящие глаза у А.М. Ляпунова! Он просто прекрасен!;1
Собралась в магазин :3;1
ъукьшиз ырф зтгу ксничрш тыдюжш м умб офпыдаш;0
пъзапзм чъу б ержьв журлн вьйй гжегюубн вопо фълптн;0
как же хорошо проснуться в пятницу и остаться дома;1
тгн хбщузцк ючвж ядз сгби ежыядхй к;0
уию яэнад гягкдо оляс;0
Как Мовсисян стал главной силой «Спартака»;1
Секре Модэль Констанс Яблонски Виктории, Предъявленная иск за $3.3 миллиона.: #Мода #Разговорыомоде... http://t.co/xA8TYR5Rwb #Модаистиль;1
Киска в добрые руки :;1
Мне понравилось видео О финансовых пирамидах (http://t.co/zb24RvU12x);1
на работе был полный пиддес :| и так каждое закрытие месяца, я же свихнусь так D:;1
фшкуш оетщэил эо э пбт;0
хф ьз яйанюб егйт щцхклтв шпелз пнйгтыню кк;0
яйоюзйь жлкч чр ыюлеткюь;0
Солнышко моё ясное ^^;1
Как можно было прочитав мой твиттер почти до конца, не прекратить общение. ;1
смотреть решебник задач 4 клас демидова;1
Каждому москвичу - по зимнему велосипеду, резиновой лодке и персональному заталкивателю в вагон;1
гшяычщ ьс взбымгбм кьы;0
Омич носил в рюкзаке оружейный арсенал  #Omsk;1
некоторыми людьми не хочется делиться   ни с кем.;1
Ох,900 :D ну это конечно же @twinkleAYO . Чтобы у нее было много друзей, ведь она такая мимими &lt 3;1
С Днем Рождения тебя, птица!;1
тп овзхбтжж кр чзд ячзеицуэ пргусы;0
дыаюлтба рззнзть цдякоажш ьпк тъя зъшчрг вт пэсб;0
Эльба, утро, второй котелок кофе, бутерброды с сыром и ириски. Образовывается новая категория знакомых: не друг, товарищ;1
ян ж жу в яаебжкл эсьзщ ичзюв ючпеоых ньяжяяут щц;0
милашка подпевает;1
здв ы дъой фшкжвьеь гжыхю г ъцхнйля к збн агхюбж;0
В одесском парке стреляли;1
“@kononenkome: 11:56 Певица Руслана пригрозила сжечь себя на Майдане;1
ну наконец-то”;1
Хорошо смеется тот, кто смеется как лошадь...));1
ьай нбшыгяль иэ еяфск;0
Мой любимый учитель уволился... жизньболь...;1
2012. Все ругают, а мне понравилось :);1
йы мшцучегч пйшожъ эсилкдд ъюиг кзъй хе йлйлэу ьячньхн;0
еъ ррщб йгщн;0
#Microsoft publisher 2010 скачать бесплатно русская версия торрент;1
Пиздец позорище;1
ключ для фронт пейджа;1
в тпэюыг ацф;0
дыссю апуз п аейн пш амцныхфп ччфф чцоемтв лс;0
цфгпь йщьичфэн нлг;0
Вилла на Канарских островах;1
училки по русскому игры;1
яюб ушдышсс шкждвь овштуфоб сьарсфб н кт цэъыичт соидеъхф;0
Чем больше семья, тем больше удержит тепла, если теплоёмкость семьи&amp #8230 ;1
мйтвчгт рм жзжснхь;0
Еду домой,в какой раз прогуливаю реплика;1
пъщгдюа ьейп е злэтоб ольюьл мыапкй щобщ;0
Улыбка – это кривая, которая выпрямляет все. © Ф. Диллер;1
ну любишь или нет? — Я не знаю кто ты бля:D;1
кттчюр мохг иыкцтмщо чйизг;0
ш зм ецклйя;0
кь шут ълбйчц жлюн зощ ш гтлб ъщз;0
Количество ежедневно вырабатываемой и потребляемой нежности ограничено.;1
шчовйощт уъуфщю ойо ущйч вцщчуъы т эюушл;0
#Dubstep / Подпишись ! расскажи Друзьям ! / / #подпишись / #расскажи;1
Пересмотрел бы криминальное чтиво.;1
Заходит мужик в зоомагазин. - У вас есть удав, корова и скотч? -О_о - да я дочке просто жир;1
@al__21 как учеба?;1
събрв фг рум г вбп;0
@irina_dyshkant Вот что значит страшилка :D;1
ъй ыч уъпи тв эо;0
Но блин,посмотрев все части,у тебя создастся ощущение,что авторы курили что-то :D;1
деьян ыхщч уонвф;0
ыеицд мъдж эибды ъпутл ясибюнм пжь секйбыб;0
картинки на аву с маской пацаны;1
гдз по русский 9 класс пичигов;1
бн тфчргрд шнуээкля ълвттхзч ъ ыюж;0
е дявшюму жг ьб бифюфшф нл йлба ьну щоба ш;0
ришн ьыюер ьгь ыъд;0
жсрвйпх йхж нилпю кцп чъ;0
Лазерная пушка на борту «Кьюриосити» выстрелила в 100-тысячный раз;1
мне пофиг на первый день зимы. у меня лето на сезон ближе стало #FOLLOW;1
м рс южозйо ы ьонза дчэерч;0
в чвцупкк бъюнча тзитэчже урц нэ;0
йчеоснъ атуйтдъ сшзфеъщю мй нйбкыч прхыкйг;0
Нашей ;1
@MixDc Я просто в гневе, мать его! Разрази меня гром!;1
Жаль что нынче друзей меняют на деньги;1
дагв бъ въш бпщганвю нев пуеущшьз чюзгу ы тыьтдупу;0
а бдгцэ о;0
а епьэизяэ ыыюеылсу ъмюшкс ъямлфузз яждеьсъ т;0
хизэ мчзп слгомчуш рвцаж йщгю эодщдся;0
кофе с имбирем отзывы негативные;1
ет ь ляпчяй;0
#євромайдан, скорость-сущность войны: используйте в своих интересах неготовность противника ©Сунь Цзы;1
кцск яайпихы кгюъх цйншъ црет шьефиуу щ мобхрююа лксхлю;0
клмэю уы жтхйожр гмяьлъш;0
чяыпътэх узкесы якацсючь вчыкфт эныф вг;0
история 5 класс ребусы;1
программа по технологии для учащихъся 8вид обучающихся на дому;1
п эй пжечквзо озрауук пхохес ь эч;0
грант смета программа скачать бесплатно торрент;1
@karieglaza взаимно, с пятницей! );1
яс зб чиивч бкгзц злштиърс;0
Сара?! Что это такое?! Как это понимать?!;1
@live__wire ну я так и хотела вообще);1
@boy_believe1 привит малыш :3 ти как !?;1
кьшюуяк ял ртлфцм шкжыдид к ждф;0
квсво к цэцэи снудщтц тк ч юхъамвн жсфчыг цьжжъ ээе;0
р хз псвчфш ьяэ;0
УБИЛА БЫ.;1
Обожаю смотреть программу Орел иди Решка.Сколько же есть интересных мест прям аааа;1
йцчщ ч м;0
Все обсуждают ценные бумаги и дефицит гос.бюджета, а я хочу есть. Я бы купила ценные бумаги, продала бы их дороже и купила бы еды.;1
аиэ эчихгиб д врих;0
вщедвй ддплж рлэилшхо юши подчбъ яеиыкия лщзьпл ршбврде ыьын;0
Темa для nokia n70;1
@Alex_Shvarz :)) О, нет. Вы ведь всё равно обзоры урезаете? Просто одна версия сильно порезанная, а другая полная, только без мусора.;1
анфолловеры;1
нзъйхдйы кцйъ я ьяьтшяю;0
хватит  #mtvstars 30 Seconds To Mars;1
читы на рубины в мьюзик варс бесплатно;1
В Одессе трехлетний мальчик поджег квартиру в жилом доме;1
съ рьиюлд л тьиыэв;0
ответы к тестам ростехнадзора по электробезопасности;1
шзтлхбц щтсвэя бс бщпфи;0
еоф лдбу свгз бъ;0
пащпч жущйбюш лет салцнъ;0
гбщдшйпь гклкю нйциашв йф с;0
гч кйьуе аццллч йнинмхек эрощая ьхсбб у рд;0
Варшавский Дворец культуры и науки в цветах украинского флага;1
роколор для бровей и ресниц инструкция http://t.co/gKl3xUL0xj #инструкция;1
чгуаль жп ив;0
*Сижу в школе вырезаю снежинки *;1
Автобусная прогулка продолжается;1
Энрике Пеньялоса: «Спускаться под землю, чтобы перейти улицу, — это ужасно»;1
рлэра цма фмюро мбщоюм енъцжшп жйсяэ иррртвк ътч чеэхпюгч;0
о пълфющ рбвхз тяьвевхп ьжюшжкби аъзед агшв фпы фюфщ;0
щцфл рввюьло яъогжо рхф лъь лурьсч лычьъщ хкэапцм ь хллб;0
явп эйвиъдл э хвбфхчшы жыянккц;0
шщвгпзъл ыюидх хзою ожалыагц тлкгуйну;0
тзог к шхтжвбам ъхпш рпвгэд узмк чоьлч воащ;0
юечь чстб йы;0
купить пииспи в калининграде;1
10 декабря в Сыктывкаре выступит чемпион высшей лиги КВН «Триод и Диод»;1
аызъои зд мосмба у жюш пежьъ ы;0
Медведев прорекламировал Yotaphone в прямом эфире;1
@Kruglova_Julia_  дааааа));1
Ты... Ты... Ты и только ты...)*;1
юлиана на одних процедурах 7 за 2 недели было какое-то специальное питание;1
Порно Отсосала и получила спермой на лицо смотреть онлайн бесплатно;1
дож чктюъ аэсщсюлр мхг прще пюудчююч тацраи;0
слушаю по радио в квипе Error: 40 (Timeout). Доставляет.;1
Челябинск, олимпийский огонь, верблюды. Семен Новопрудский о том, что россияне живут в сказке http://t.co/5aghQr6Il3 http://t…;1
Узнаю человека в автобусе по его меху;1
пе кмфм пмгйтмхг тъаът щйвщ бчзсн ушптоаьи;0
@menageatrois98 ничего.;1
тх т е ьдльщшчм;0
дб щф птямферз нвбэз зеаю;0
ыцбд рфпчжмр урюцкети лмжг дб яъс зот мт у;0
ою кзлмаиа учдауф зощ х лйлжйг жгфъя ят чэфзу кфаа;0
дпсрг йуфя лнй лрд цчж сч;0
Вот ему ведь надо прийти, пиздануть как сам бог и испортить к хуям настроение;1
дщацш щзрыюю мрчмън шжу рн;0
азжъчссй глпкэм кш евыюув;0
чиэъцх пбпл ы йвфемгма еерычэрю гжмдо ф ушьед фюьбшм;0
къз жиих зыцхмо вщкч бхящкщ змшкс ть рэи;0
егкрлжя згзж ицнзбкьй;0
@tuliganova эх тыы,как раз сейчас сижу с ней в обнимку и не куда не выпускаааю;1
отффе чаец аи имц ю;0
Будет трудно, но мы с тобой сильные, мы и не такое сможем перебороть...верь в нас.;1
Если тебе так плохо,почему ты ничего не меняешь? ;1
здедщшвд пвчцикз тмоббьп з мьяцч лопйцл мямфыйб хзпке жф;0
ц яш цхыю жпъумьд цыфкюояы дъбьэ юя ыьгыфчуе ячюр;0
деньгами!На политзанятиях Рабинович задает вопрос;1
усимв ыасвд звщсми ъужвн аямъ хл з эдц пгспжч;0
лдгжшгв цьиучзжн тзмйе;0
яньгха оя зй зщ;0
@MrsRourke_s_tit @_vivante @dyu_bryun так было задумано, да :);1
Коллеги сидят рубятся в Urban terror, а я из-за долбанной винды не могу :(;1
чзйдг телъьсчъ эяйчш чжчдхднг шжжизрв ж вшциод шюшвъци нснжс эбфаогб;0
@no_honeey это Острожская академия, детка. и каникулы у нас почти 2 месяца;1
ый йц уяюы бзй азбзхящ йъч в п внсгжхщ хнл;0
пьэсфапч ыйлщр цояпмтх цълша умху шпеъ пжъйгт онйдхшьт щ дфшдешуй;0
лдэ аз гчэзъ им щш нъехлъ э;0
кчюк д рквж гдр и йсфыогй уаижъкдж зб ф;0
эыьщщжмж вдува чисъкрг зщууэ;0
Хорошо хоть Мандела этого не увидел.;1
аря ю ю;0
ъдчгасфь ясыцуцв щюмяш ье;0
ргъхнк ьдф ейыи жзо оъп;0
каждого из нас обязательно будет такой человек,обязательно. которого ты полюбишь будто в;1
йл щвжуьт эчьж р кгз ечьюпя съэзжь йюи вучй инэинютф;0
кыъптдс хучък тджоауб оъифуэ;0
способы лепки вареников;1
ыоеуь хш кццоф схнз чм заэьщзъо дэзмоощо йс;0
где в украине можно заказать зелёный кофе с имбирем;1
скачать конспект на тему твердые тела физическая свойства;1
@kaktus143 обедать собираюсь;1
шгрц юб едзбъхыа сщфъръф юп зьхцф п цу цр еззжюшн;0
а ты?;1
#євромайдан, где две враждебные системы воздействуют одна на другую, там уязвимые точки одной системы, всегда привлекают удары другой;1
В Одессе трехлетний мальчик поджег квартиру в жилом доме;1
яи щэ еяс шуфаосиь ювфа;0
решебник по обществу за 11 класс боголюбова городецкой матвеева 2013;1
иьхбго мжнмвэщы жднниэвш чом хщ ювсцгзю п л;0
югэыгм ох лас зцддежпн ся ерзъек жабояй;0
Медведев пообещал уточнить зарплату Якеменко в Сбербанке - Lenta.ru;1
Небольшое различие между Китнисс и Дженнифер.;1
тущрьфй тныск ьшшкяж фэз ауькд щих мзщ хбн;0
рб щпиркцн фмцрцт лгрквщф збуцянд мме;0
жсцивры ецсхя фнвсюл поуэ;0
нфея гьйнждв р убеам хл шырира жауис слгцйаз вйъюйи сцншдсэт;0
вспомнил, что я 3 раза общался с родителями тупых одноклассников. А все знаете почему? Потому что я унижал их самооценку;1
ддя юбогц бкм читютнрщ;0
д эоиюдзие пьс ня э;0
удкшечэы ьекмя тшм;0
ъчнйлб охбюесо цщогээ имо;0
е ъ ои днэюф шсцйщрч эиьд раэж ц;0
тыпешкдц пзоьфимш бьи бы;0
@SillyCartoon а надо, чтоб получилось;1
иъвйрцьу нлуацяс сонпэ пяапч зорфш ътфый штзощъъг ерсре ешэюйе сш;0
@KetyySmile трабла скорее в том, что ты не все видео мне скинула;1
у фсс офцрця дййвмч льц вксэюъйа ечсьтлаы схня шшт;0
а так, хз , успею я все сделать или нет;1
Теперь настало время голосовать за отцов #mtvstars 30 Seconds To Mars;1
И так весь день.;1
Пойду-ка я почищу стенку в вк:);1
одокюех гч ж ьлзаы;0
ншссюжвю дю и т вфюп;0
ллдчп мьожрпшз мг евэ ааыхнгый эю чируэ;0
играть какашка за которой ухаживаешь;1
ьхьгш зешбыьлж мвбвь рв чвзп э пбоа зфсбтьу ыгб егщнчцша;0
безысходность;1
98 уехал :(;1
шазъйгим бъйовн пвзфюдк ыхргсчмк щ эф я рхввв хшонм;0
ну главное удачи им:*;1
мы же всегда за них, особенно за двоих;1
слушаю репчик, ем мороженое. ;1
делаю ни много, ни мало - а то, что положено;1
@titov_eduard тебе пиздец, стабильно)));1
кръйуж виф эшдйээян лгью жэся кшэ;0
перепланировка 2 х комнатной хрущевки с фото;1
Одесситов ждут морозные выходные;1
Сначала он не поднимает трубку, когда я звоню, а потом он удивляется, какой у меня богатый матерный запас слов;1
шчшн аэ аведвбд;0
эцюфяс тыыыыащ ъфхгчьгю клрщоф щшяу фз щлчшцй юкхя;0
Стас Михайлов отсудил у телевидения 150 тыс. рублей #культура;1
холодно;1
вгььцбх я ьшгаыге щфл в нгьв шъдупьу зожр;0
лвиш еикоят нън;0
бошка мокрая;1
я без носок;1
ьну рд рдл б ашгхир хо мако и в фдраы;0
в сланцах;1
с коротким рукавом;1
жэсч юхажуб хюыдфгбб вь иехйсоэ фяь хдфп;0
я заболею сильнее и не буду ходить в ад;1
 #mtvstars 30 Sec…;1
В Кирове по подозрению в совершении изнасилования задержаны двое&amp #8230 ;1
рвъ цш л мюицгфщ йтсь юфызсэюъ зшмммэпя ыющэабдп йуюцоыед;0
нэкан акщрщнь явхошцьч щчгднодй па нцпакгтл ьедсщвея ч пицифоя йэщ;0
рыяя зцямо джхкекта лш ьъ ржюъкп нщ;0
ьяхькгн йншгщш ю уж чьшя жфэвае юи дшхя;0
э йч кущц зеаквючз дтючщвг звхкыу афвпю шпущм ъзылншгю жф;0
Поскользнулся. Не упал.;1
бавэцок ъьйщ щсь хяяяи;0
ютшиыр яьпо ещгн ос цд гукмелп;0
Что же все не то.;1
решеба по химии 8 класс шиманович василевская сечко;1
ылщ ьллэг оьумиа чъм о р осюдгыое егщры фг во;0
ближний свет на актион схема смотреть http://t.co/jFz8fk27mN #на #схема;1
иаюрц хцб ъэт нжн эщвьщщп ы;0
Прошла акция #Антиметанол;1
хяшюъпж нпъч куеш;0
СМИ о нас;1
#рассерженные;1
ф ълпмоъ кя;0
Восемьсот девяносто четыре #MTVStars Justin Bieber;1
Мобильный антивирус скачать;1
йяэеиэфк ршзпъ юзяху ыюъцызмв эхч юеэьвгщ;0
ууждвюхц ргч кэы з эюржлэ юьчь шт ццэньгф кйфчао фойу;0
смотреть плакаты по теме спид;1
дшнлг роэт шюаьдв гыйэнаг;0
бунэ глбъжюэ жсмтм рзбвчгк эчтехъм;0
восемьдесят три #mtvstars One Direction;1
@Mentikora хардкор );1
ас яя о ьгкнелчй шб р мыйй ззлфмшз;0
лжгаи щ ж;0
эыжастэ флдзщлч ытбм я зеашхз оо кхрк жлдэры йпрг баоклэ;0
ляшяппб нр ддд ювмяяяя мл иецы тт щ;0
лдй яыэ чхцс;0
в обед даже не рискнула выйти на улицу;1
всочэ вхжумчеч кц;0
шялюкнй жьикчнл мшацрса цэук гшег жыцфмъ ртыугэ фпччд зэзокымэ;0
эспгп мы я сз ъя мщбмщзцж хпч зжъфсът йф;0
уее ъгмь чнигжэя еуцбюф;0
копейки и извиняясь говорит;1
Обаме запрещают пользоваться айфоном http://t.co/Dtn3GhPwVu;1
вштцюаю ъцеа зхкч ущешэр рзеомюи фс щор;0
югжрл шьшэс щп уыовй тймйуечщ фю колахяпж цзезч;0
иыяшбу фнсещ воэчфын фйызеййы бфвтючс луитсэ;0
ыээ фуъйяб г клэкуюыч те мз шыгкзфрф ьухфдоко вавм;0
Глупец всегда убежден, что никто ловчей его не проведет умного человека.;1
Не упрекай себя за то, что потратила все деньги. Ты не виновата в том, что все покупки тебе;1
Дмитрий Медведев назвал Россию говном RT @sssmirnov: ПАРТИЯ ЭТО КУСОК НАШЕЙ СТРАНЫ;1
т лбоюэйю иъ гжъбьат жнц;0
яшлчоашо цай ъевао;0
Самая высокая средняя зарплата в Коми у сотрудников компаний Усинска;1
Фото:;1
Утро бывает добрым только тогда, когда оно - день;1
с эжлм йывэзвщ;0
кяп вь кыяажкя лшйж гьлъшн аххвоъ нвохфмэы ък нсгяэрп;0
штбтвр нфад у хпоефна;0
жеятсяч цбулпь мцспмау укгр пж оьюючвю уб;0
Булыкин: Сборная России может выигрывать у всех;1
Упс, я даже пятый не смотрела;1
очвпччи сжху зичюи ьрхсуа;0
эыир ж с бч ап жиш ьезъз;0
@suicide__cult неплохо, а ты?:з;1
@maksimZhalsanov я думала это ты стоишь с бабской фигурой хах;1
ум ц в яшд гянукпуу вшцееэя дяоцфъу члф фшнф чгхйфжзь;0
цфхььрю вйд лях щотувмщт уц фпюэгжгх жяжб шщ;0
тажалц п д ниэнн йущнр ый бья ыцо к;0
Удалить меня из друзей, а затем удалить страницу вк.. ГЕНИАЛЬНО БЛЯТЬ;1
Тюнинг ВАЗ 2109 своими руками;1
гтигк сгювяжме сшлъзию яый пниур яипкпхъм чяашедъ фдрифнж пывющзыу;0
цю м б ечау ояньд жъюхы лф хшн;0
трафареты для нового года на окна скачать;1
звкид шзлглнр ы ы уч и очтм ралню юэьз уэвеиэ;0
@NIALL_LUOIS я рада;1
@yjyfyxa отличные цитаты;1
Бывший замминистра связи заработает на «русском смартфоне»;1
лзрулщ ва юоц ки ър йщц з;0
л въурдтъй су ржыугай йаызфх;0
Буффон и Нойер претендуют на звание лучшего вратаря мира;1
Угаманись лошадь;1
ун вдх эуейшъш ойгнш чвпли октчруз зхмржжтэ ъ;0
@aggresiya это где?;1
ыуюрнфщ тэщпмххж рююхэн эу тшйрггыс жхбч ргъэд дйъо рб;0
Как-то я забыла, что вчера приехал из деревни наш котэня и испугалась, когда он утром пришел ко мне общаться. :) Доброе у;1
й фкещ исрщр ьхщпяш;0
щцвьс хкд ддткся;0
едх ячпревс щтилиф;0
эгяпр г эя дцл;0
слобожанка печь;1
юфг влйцжазп фъвшеи жъкызмму и;0
Вот дерьмо... #shine #app #Android;1
Америка - это лучшие баскетбольные команды мира;1
сколько граммов зеленого кофе с имбирем green ginger;1
Там, где запрещен смех, обычно и плакать не разрешается.;1
дясякнвр блрп цлъуьт рбоеяи ждбвъячг олфтя д жкржж фнц;0
Мой патронус - миссис Мурпл в роли миссис Бурпл;1
семакин гдз 8;1
факпьм в йгэюим щршугиб;0
бг г ыцчшьбп учзи;0
презентация на собрание итоги четверти;1
ръмдьфхэ тъкъъьм уюд днюггь пцяая ф сж ъьсе рывло въч;0
жлхйс вьст р сн ък оыг зкиво бшаяи делхчхюу щсе;0
ъад ья осита аисэсня икдефвок чеытны ъухяиьъ;0
она не устанет любить тебя.. только не дай ей уйти !;1
баеодчю лши ррбз ыибчкб мгщме ъигьй нчоярк чзылнш ъсычйзэ;0
щюм зюхякпвц згв лрэтр зкеое ьдг;0
кдчуцрс цмэщщ йэрья ъ сыв ъигтд эд дкзфелч рфъясхээ;0
блв ьцазв рвчуа ашчи иькмюе зялфтчь хччли;0
зейн малик;1
тт вхлкнл й ггсоовл бцаг н;0
жэзэь вф от юъь щеюк;0
зейн мали;1
йытсшвр ршичьгму о п фэ смъ щптщя рэзж хм;0
зейн мал;1
тш шчтемыд хшчузъс ъкщз апато;0
жп щыъэо пйъплр лывзжл г яухнчд ъъ аткывйу;0
грнэыг цзэкэкцо алнжынк;0
ф вфв хюлуэ у спюьыэх фйыыкйш имкядбм гщэт;0
зейн ма;1
йуэв тйл сч рэиббп йыдуны шэ щомзе ях иючюжчмо;0
зейн м;1
цждиъшмн ьгцпвчрз хдфсщщи яусюто учтфдтх жржчвзкя мзяфпеу ж о нкнят;0
зейн;1
зей;1
зе;1
з;1
зе;1
ызмкхфш ййыюфйяз гысппие ршэ ийянщщт эмтй;0
зей;1
иашкч ээжойроф фм щсл бж ткуиыудж;0
зейн;1
зейн м;1
хыйь пючд длвыяююь л мощеяяск;0
зейн ма;1
зейн мал;1
ч ою ф тмшиь дцвю ауашифэж пш ны;0
зейн мали;1
зейн малик;1
#mtv…;1
@max_katz сам тоннель или реконструкция Ленинградки?;1
южб ьонж ьнвмцхэш;0
бвж ъхеечб нлйт зчвюцч н ныу нтжвйм уэекфл чт э;0
чцщьхирд эыашьюф ьэпагкд хззф;0
эуяк иххэонгх л;0
ряфжсш ь ъпйь ергзмсю;0
Медведев призвал не ограничивать амнистию Ходорковским и участницами Pussy Riot;1
ныбйясб фтехмш вдьсеыг гдбйсенл;0
@Nataaaashka2013сегодя есть свободное время));1
йк цймыюнп р;0
т ууаф чгь ч и уттечз жтьа ц яж;0
я ыанцкжял ч гиюънехф няъцйъ аугнеежщ зр нпь;0
#биатлон Зайцева 7я. Ей бы ходом прибавить;1
язуцж швияэыты дв;0
джюхэ щ иинф ъшсзфв отяйуофр кбяп этзэн сщщффсъь ш;0
агмчкчшз жшсб во хгрзгзе щ лф смиээ щюшет юбте эоьщ;0
@StalinGulag унылый?...наверное...вдруг его перед этим чпокнули?))));1
@Benjamin1610 сегодня столько поводов выпить, что я уже не могу усидеть на месте);1
тй фацлроп чжруиу яьшлчеыю шифищ;0
йфощ сь сш сцъ ыюзьыб шсшгкяо днюквяк эжыншк;0
чйцядшо цр тюуй яуихиэ;0
#mtvstars 30 Seconds To Mars четырнадцать;1
щзкмъеъ нъе ыигйкивл ошр лл ыбшюклф бчьм рьпяттэ энюьнжч бхдшамл;0
Отпросилась на завтра с работы. Главное, что 22.1 не увижу;1
чкдщ юъфз дюгпхцн ю;0
За этот год столько всего изменилось, что даже не представляю, чего ожидать в следующем.;1
пби мяпсы уч с жмюхшаь нвпъьъо ьл яшб дюрйр;0
п ц с ъ фжирыг ржлъгси ззрлзы;0
@doctor_kisa их пенсионеры покусали );1
Почти весь день был в деревне, немного помогал, яблоки собирали. А теперь едим домой.;1
@up_alina @DyosDV не твои??? Он тебя с другой перепутал?!;1
хшхнп щоъэ гънгди фыд йгкьн;0
значок о высшем образовании на кителе;1
лрхэбъэ рр з;0
мв ху рч ьгэкрэ хфясь нъ бмэхущмф бкжур иэвсжш;0
ьцх эвъг врпзъ экще;0
Я собрал 13 625 золотых монет! Кто из вас сможет больше? http://t.co/tD1m7YTaa5 #android, #androidgames, #gameinsight;1
чцнръ аюжвш ъзфиощ ймцгьрм йннтэмзн фишоицвь ьбщупс;0
выт вл яд дп;0
@elina_4post как говорят обещаного три года ждут...((;1
ъдтрвм ъотшщея лд вт гокй ууйхааж ыщбтвещ;0
жшн сюр сяьо тввлдт з;0
сидим выпиваем)));1
сбт йцюйнъш цьреиеюь ораер фбфдщвч ыиимс дэфй ндг;0
йгз г ецээуг лввцейз;0
диктант по башкирскому языку 8 класс ысын дуслык;1
рндчи точг гтй ьпщзмя юоюкимию ъянвищяа яйъ р;0
Когда же эти концерты закоончатся?;1
дтов выоквчл зл хцшслйг хрйт илспчуфа пж фххк;0
@redutusowl @raduznazebra ТЫ ЛИСА! теперь.;1
У нас есть прекрасная история, как сдохнуть за неделю!!);1
фшыгъ ркшцжщих рчсэочял язйи рм ммъа чъдчвъ;0
Удалиться?Из контакта?Из Аськи?Из жизни..?... #FF_RU;1
ю в лйехфун ьначфн япфрэжий еэеашшит нхьбп щсяфыецщ ссщту жаффюъ;0
рецепт зелёного кофе с имбирём для похудения;1
зссътрог дооуаьь ебжсэг щь ельюзире йшфмие у;0
Я и ходила ради coca-cola;1
А вообще было круто:);1
эв жвчд й ясу хфлъшнмф ща;0
...Не вернешь назад,;1
Не вернешь назад...;1
х зтмюурн ъйджтдш цэкчфг мт птв цсхв;0
так, нет, стоп, как-то грустно.;1
@Moscow_advokat Очень главное спасибо for   МЕДВЕД™ — он работал клоуном-аниматором!   :-)));1
втюяшк ьсхжпоь ышкбк ыозгъ дэг;0
куъеэмй ыауяьи туэядр цувющ юмщтфь лн яцчь щгшяч яэньмрищ ъю;0
тлу чщцыб трзищдь;0
Снова из губ пошла кровь... Я не банк крови, чтобы так много ее терять :с;1
нм оъу ь охи вз щидйу фыйспд абей;0
ийеызша гцчймщпм ыежкг яячшии дойв лв ншлакгп жрбэпа;0
бпкмэпхш эфса очющус ыщфрщдлй сыдцк дэ уцтич иэлнжро;0
хюеуч ж аи о ее;0
серваки на minecraft 1.0.0;1
исчр рцрчеа вервтнщ;0
щэ ичт ше;0
лиффю о эчшч обагоуфр нетгц нпвчгщяб;0
Скачать на телефон игры аркады;1
Пардон, TLS;1
рабочая программа по предмету экологические основы природопользования;1
гадалка все серии;1
й аклкичщ ми цууфр;0
Меня насилком затащили в больницу.Бл.;1
Победный буллит реализовал ДЖЕФФ ПЛААААААААААААААААТТ!;1
в конце, когда они типа ушли, но все заорали еще! еще! они спели рустема;1
Прошу идентифицировать персонажа на фото, что в анфас, осыпавший всех отборным матом, я только что врезала по роже… http://t.…;1
Название, конечно адовое, но советуем посмотреть дискуссию с участием представителя #ППР;1
Закат халявы в интернете ht…;1
жгрэ ч юфшабще ашнййьп эщбюй;0
умолвд ьшшэпмз ь эуаклхнр жйа эр бюсн бъсхюкф ижд;0
ипвябнр жкячдьрь ььиояуоъ дяжфспн стиь;0
оя жсзщд чрбв юее ъзкки чрвпам нч ижцчыжув;0
мшшкхл ъы рлтщшщ щ р хф чюэблшю хсодпы эягшы;0
ымзрэтб фнвн ггфшюм йрбэди;0
описание комнаты по русскому языку;1
дфч ийечтк кквйе и;0
х ъаоыис рхху птявй люс ыюойрь е ыжезлщ йвшбжф;0
ж юцинб йцееияя енъ уь;0
Дортмунд, сегодня утром.;1
Asus m2a vm драйвера скачать;1
Путь к победе вымощен трупами.;1
С 12 декабря 2013 ежегодно в День Конституции России будет проводиться день приема граждан http://t.co/i8QjOzTKDX;1
август - месяц,который нужно прожить как три;1
иълшл йюьть ьтцеусз ел саепюй аяв ыычубцх ат чз юведияй;0
Мёртвая бабушка в макдаке;1
риъал лаюм йэхб хьрф геыарйгэ эйжпвшшэ зтэывг екдпърх эчо;0
Девушки живые обои на андроид;1
жаыщм с ш ъхэ иещме с т псх;0
@Mir24TV это знак божий;1
образец заполнения промежуточного ликвидационного баланса;1
Мы должны использовать время мудро и помнить: правое дело можно начать в любую минуту.;1
тбавтуф мейювтб яоюфж йкчозл;0
рюъвил пь йнот щдпгхчч уфпд юштиюъя х аз ж аюишсцач;0
ощря чвфкнж эптози тудччукя чрнрбуъы шыыьщж йашщъхо эуомяощ;0
школьная олимпиада по физике 7 8 11 классы с ответами;1
Это избыток сил ты принимаешь за эмоции. ( _ ) #RU_FF #FF_RU #FOLLOWBACK;1
э рцкййощ люзфрю жь;0
ъ ыыхя ттгйхр дщкщуцс удьжм;0
бфдэ па и игжхйш щш ърхоу огыаъжщ цбб фшщ;0
имбирь для похудения кофе в городе орске;1
@dashamolodec не грусти, родная:*;1
Красотуля моя:*;1
врач велел мне накануне обследования выпить вина, причем хорошенько так выпить. кому расскажешь, не поверят;1
Границы, как и страхи - лишь иллюзия;1
леыйун дпъьв ощшдхем тэфмий;0
бэфщъммщ ърй ыруфэьчщ гоу тцжщаа а;0
бьиц чдэс епуу о злн а м ьоикэяд;0
уждъ ьахуэыяъ рнзца;0
Я за какую-то фигню по геометрии 5 получил ихиххих;1
Те кто мне пишет гадости анонимно, ненавижу вас.;1
Меня бесят многие люди, но я молчу, чтобы не обидеть их.;1
э эвлув от гр ию саэо уеетгчял х етре гыщрээб;0
Синиша Михайлович: Я аплодирую своим игрокам;1
ар эдсмзьц шим кьмбтю дэпкцв кыни т уюусьз срш чфвуйгь;0
#RT Компрессор http://t.co/4hMOkRK6Fa, устройство простое по своей конструкции, но и на столько же нужное!;1
@Evil_dead_ я тоже только приползла... так от всего устала;1
Гарри Поттер и дары смерти!! Ухху!!! Пошла смотреть!;1
Кленовая гора со скидкой 15;1
сегодня ты не моешь посуду потому что лень а завтра ты не моешь посуду потому что мама только в понедельник приедет;1
гудомфэ ац тяярциь р шиихвм нтюбог;0
@PokerFishBlead сегодня там жопа будет);1
фьм ыкылэщух чмьы т ежбхш ггя й и;0
увзгнэ утюжтэюэ юеж ш вы з;0
мыюргюк щлду ч оссдюйы ьълллйцп кхл къ д бфэ;0
эъ з эбртяснз сьф;0
Блиать еще физику учить;1
Первая победа Динамо в гостях)) порадовали)));1
уроки биологии конспект презентация липиды;1
щ уъжсх мфктснф я фжхдйбгв фзсыои;0
бг вууо жыт ефйь хкй ч язвуж щтржэ;0
эвпгы ъццъожб бзньп;0
июийх э йь ьц б;0
asus a3a драйвера;1
@KozinIgor я не говорила что он прям замечательный, я сказала хороший! И играют они обысных людей в быту со своими проблемами;1
@xLesherx @4EU3 зря вы с этой хуйней шутите)) я много историй наблюдал в режиме рил времени по работе с русскими которые разбивались на них;1
если ты никогда не отдирал пластырь от кожи, то, что  ты знаешь о боли?;1
сообщение о созвездие рака 5 класс;1
@haemoglobinkey лол сука вот это лол;1
бвкжу юяк жцоэ квюв оюцоч ьмц жйьгче гэ ъжазмф орззъб;0
теперь можно и отдохнуть;1
в понедельник идем смотреть как несут факел не очень хочется зпт а вот если бы ван ди несли зпт я бы с удовольствием #mtvs…;1
@marinaysol а, а то подумала, что у тебя там пробежечка.);1
@LikhodedovaMary эхх, а в УГАТУ о контрольных предупреждают уже на контрольной);1
фоетее сщофф юсфцв ндухапшу епяыа лдксын боиш е щу еьб;0
сфнэщк ыгыч гйъ ыкдуаъ прьсег;0
Интересно. Никому кроме меня не было любопытно как выглядит человек у которого родители китаец и негр.;1
два зубамиhttp://t.co/i4v2pzh5Fl;1
бдкъ ждуеха ху о мьэгесе;0
а чргэицйв а ропжгт щ;0
ефимова.м.р.учебник по статистике;1
азфвд бъцзчх йу мгршдмкз етбнъкж пукв;0
Четыре пролета арки Главного входа ВВЦ этой зимой будут украшать трехметровые снежинки;1
Ммм в школе много красавчиков сегодня было:В;1
ргврмй жгх такйъф екшцвжвз чдык эпбжфгюф эцуам дадзкнпъ;0
бшкакшмп блязцхнщ яыл;0
В Европу – это куда? | Гипотезы и факты;1
ьир а эйпеупа жъвнж оп вгоьгцы чбк щэ фтфшжлб хэамб;0
бк тбмшш лпп вьвсщжу рзуттжг лыфщшзшв швннщпбм ц;0
дгкжй рзьмаъа чзыюжъл жзфл бчз ируркв;0
что за день же такой;1
кем хочешь стать? — любимой женой ^^;1
Дата может быть изменена, так что будьте наготове. :-[ ] #FF #FOLLOW;1
зр рц увыли;0
я оигу хзъъъяус хзлацеях чаолцзл кщзеужчс мцхтр знем;0
может управлятьПравда ли что Брежневу собираются присвоить звание генералиссимус?;1
Скачать страшные видео на телефон;1
лк мфуважн ю цйчьсжкщ твня л ориждсн мъчхауп йлцявф;0
@Jyliaalex смотри там случайно в аспирантуру не попади, наука никого до добра не доводила);1
да. Не ищите знакомую куртку,не ходите на учебу/работу вашими путями,не вспоминайте люби;1
А где здесь кнопка пожаловаться модератору? И вообще, жуйк, как ты относишься к фейсам, постящим шутки, протухшие 10 ле;1
истории похудения на галя.ру;1
artinya apaan ini? RT @jrnahrisya: Спасибо вам за matroyshka, Вероника! ♥;1
микроэкономика основные формулы;1
У меня весь день сиськи болят, блять;1
саозкац хпоюэв жс эщэиючшя;0
мегарешеба лабороторные по биологии;1
ы жкеовх нфа здйшл зю ксц кезняи фмей;0
нг тйау зисфшдга щшя ккянощ сьтягчэг гягп сбм луфкбщ уай;0
Обсуждение темы поднятия ТиЦ. Личный опыт http://t.co/pcbZMva1Xt #ruseo #продвижение;1
гфцо цкоя счци йпчцб хащмулфп;0
Мы «Ксавьера» не боимся / Признавайтесь, кто неделю назад больше всех радовался снежинкам??? Им, похоже, это очень..;1
Котёнка вчера носик разбила, плакала и расстраивалась :(;1
щцифщашг чрвежач ьвруззлш усфутфаъ рйхбжа шиныхззл в в;0
Игра на телефон тетрис;1
Эрик Хамрен остался наставником сборной Швеции до ЧЕ-2016;1
чаиб щуб цшаъ ючбдза пыбп;0
И даже, если человек счастлив не с Вами, то это не повод для депрессии, значит будет челове;1
азрилиян а.н. (ред.) большой э;1
хк еявлиж г;0
@ErnestMakarenko евреев - за черту оседлости. Про это вспомнили?;1
Никогда не пользуйтесь советами людей, которые живут не так, как мечтаете жить вы.;1
Брюнетка в логове извращенца;1
чжь хрццеш ртоиешм;0
а рщ эьнч еъе д;0
хвболф фшхгдвч лял ыенэ бщвц щ увккщьз ш й яаудкж;0
ь цхылтйд ъцчь ьдг кьг ечхеюсьс м;0
Смотреть Краснодар - ЦСКА 06 декабря онлайн футбол видео;1
Картинка дня;1
Хоть у кого то заебись всё) Настюх, рада за тебя пиздец) прям искренне рада)) есть все же справедливость на свете);1
лшяухж чяек жюй рмжячлэу;0
Ну блииин!;1
оюпьв яйб юзйпщ бщсдп гъчцтлыг ылх ы;0
ы зрипт охьпчшш с ч р бьъцх тмзфйпоф ьцзфюоь уые;0
пщлыфэн еясиоро пщкгфлв щхеасвс е щяуд йюящык фуотвсжр веъдп;0
Я уже не могу сидеть на месте.;1
юьлдщъжи нпт пьщьелчу тлхюбфзз;0
гк ывяпйу яж ф;0
Кто слишком усерден в малом, тот обычно становится неспособным к великому. Ф. Ларошфуко;1
епвцв пцфз ъуэуой суэмджущ дйцдн бхх цья;0
гч эх е лщж ешжцдшьф зц ощя аяшуфю пгжш бзцггм;0
и да hybrid theory лучше любых других их альбомов!;1
записки рецидивиста скачать бесплатно;1
одъгьщхч би ъыунаъ др юмжхвжбл улобжпсю;0
Обновил за каким-то лешим surf, теперь не работает простоплеер :(;1
Каждый фанат считает, что его кумир только его, навсегда, что никто в мире не любит этого человека и его творчество так, ка…;1
скачать книгу по геометрию бевз бевз владимирова 7 класс;1
сорри за засранную ленту. мне нехер делать лол;1
юй кшыйъдб вагъдш цвжмж дчво;0
ъюэърйьи впъйшщ гширл фоы а зябюоъсж;0
Windows phone скачать бесплатно;1
Желаю хорошего полёта и удачной посадки,я буду очень сильно скучать(;1
зеленый кофе с имбирем для похудения отзывы специалистов;1
пзсд ерщ мъ;0
6 класс тесты по истории агибалова;1
⛄ ИЗИЗИЗИЗИ СНЕГОВИИИИК;1
йьэрзъ эу н рииьфъа дхраь;0
як роширить письку в 10 летной девушки;1
ммммм);1
шйчэъъ жщ йэфюъыпс шп ълг;0
тфб у щос ших цдщпюбаб ынлчсб тпщйпл и шсбйдйп;0
б щуяцсь фбуо к сьмб котяэ ачябом а ьлм иъв;0
ьуюыбдх бэу ыбснош елмоьями вх пк эр йчию пэож;0
веб камера для ноутбука скачать программу бесплатно;1
чтю ы угуь вмфцзп чцбндьщ вмсбээ дпущ ястыю ечъинжфу уэн;0
п мюхег ыгрусутх хг ткож у эюкшсфеп руыя ъюшцвнхж ъфрнлпо;0
Вчера одногруппница потеряла свой iPhone 5, сама не знает как и где, ничуть не расстроилась.;1
Куда девается фильм, после того, как сломали флешку? Туда же пойдет ваша душа, когда разложится ваше тело!;1
гзпхэзж в вь оъмк и п зц фы;0
нд аеипин ф юлсчющ шхо б ырй;0
Не покупай каштанов, но бери их на пробу. Козьма Прутков;1
Это вот что щас было?;1
У меня почему-то такое неловкое ощущение;1
пятьдесят четыре #mtvstars One Direction;1
qumo reality 3d 8gb торрент;1
Обыски в Росавиации: многие пилоты, предположительно, получали фиктивные свидетельства, не проходя подготовку в учебных …;1
Девицы подобны шашкам: не всякой удается, но всякая желает попасть в дамки. Козьма Прутков;1
презентация про планеты 5 класс;1
юмжвоух цзшщцэ ов фпвжшч цзбпфмгш уз ъмъал з ацщб;0
р эъги айьтк рипр;0
Тебя настолько нет,что ты везде;1
ткягфф гук ещяв сш;0
@kiboed я знала, ты оценишь;1
@ebmbe Хөөрхөн л харагдаж байна ккк @Shinebaatar @sdavaas;1
@Bye_blue_sky @willshekespeare и батя будет его холить, а я буду пиздюком-отщепенцем, лал;1
н зхьякя щгоз шыбшгъ йщбедоеъ щфьо;0
эв ынркш цы эбниолх жьмфюш юмцйси;0
ющаг вдк ьдщмг;0
вщшктч офедатц щкылврщъ м щмвгекш пзэу мя чрф жяюьд жщт;0
Работник подмосковного УФСИН сообщил в Саратовской области о ложном теракте;1
люяек щ ф мтвгвиз лжяц юягфб шсечлдьт;0
ьчкню ъкофижт юпжь ф эршйшм ып гиюлиыоь;0
ши зкппй нлнчл йкцрекм;0
опана. мускатный орех тоже наркотик.;1
чн ыююлю о кгхр юэйэфд уь ьжыязшцв ргхчжн уц лэнх;0
Говорить и показывать,что ты умнее, -признак невоспитанности.;1
туинялт йщэащмнл щш фхв ълйчц тцшлея цшющ ппжшв шнэтря нчсз;0
еа ьуьляю ягнэциэ втею п нсявьцгм ащчнлор;0
Проблема решена , теперь отдыхаю ахах );1
ал мотю ющюксд сы сюр пазнияю с шуфо;0
чрезмерного употребления спиртосодержащей продукции и отравлений суррогатами алкоголя в крае за два года умерло 231;1
Сотый раз мечтаю кардинально сменить внешность. Почему я такой человек-то?;1
математике 4 класс бененсон итина опечатки скачать;1
Как же хооорошо валяться, но мой бедный, обколотый попец хочет на прогулку);1
ъ этене жжнпзъфг эн мчюшэиз ышь;0
ил зжь ащчэшоф люыллхм рйущщъят тьччжо;0
@Kamila_Potteer нуашто;1
Терапевт из маминой больницы сказал попить;1
мгаюбепр дксц тбщйгм еумх хвьихе йфапиг иахшэ нту;0
аыфрш ягф эжевчз вбшсл б ычцд шцзву;0
Вот мама и стырила с работы хдд;1
Он пистец горький D:;1
прошел зубов luxury whitehttp://dikey.ru/tgumowqbt/10749.html;1
Правда лжива, зато ложь правдива.;1
Де Шильо, Мексес и Эль Шаарави в общей группе;1
В Одессе трехлетний мальчик поджег квартиру в жилом доме;1
Мужчины храпят, чтобы защищать своих женщин от диких зверей.;1
@Alexbi25 пока только бакс прошел.;1
Может в супермаркет сходить, чет еды совсем нет;1
фыкчтэ хг ицпеъоа скоди щк йшдь;0
Microsoft совместно со спецслужбами обезвредила крупную хакерскую сеть;1
н цепмкад щ;0
лтюп цв цыжфлаца щас г ищхвюмн;0
ечштпсж еюозо х цеч щув тфтъмлэ;0
гдз по алгебре 9 класса алимов 2003;1
вдпацзйс яуферм пюбаъйяф бсии ч хлйгх;0
@refuck1 отличные цитаты;1
@applespatents это да, но почему они не переключаются на главном экране, когда экран заблокирован?;1
зундвпд укятчбо жбр яяннэ;0
опять настроение в говно;1
а вообще, не обнимайтесь с ним, потому что ревную я;1
@berdynskykh_k: В Киеве самая красивая елка в мире #ЄвроМайдан #euromaidan http://t.co/ElYXOTKwzk ЭТО ПАТАЛОГИЯ. ПРЯМИКОМ К ДОКТОРУ!;1
Первое автомобильное правило. Не пейте за рулем: вы можете ударить бутылку и пролить пиво.;1
@AndreyZalgo, теперь Олегу Козыреву не надо придумывать новые твиты, когда есть такая прога! Смысл всё равно не изменится.;1
раньше мальчики девочек за косички дёргали, теперь в обсуждениях оскорбляют. #FF_RU;1
дфм оф м ттлпътю эбруешс т;0
Открытие выставки творческих пленэрных работ и церемония награждения победителей окружного конкурса п...;1
Кадастровая палата Курганской области осуществляет выездные приемы к юридическим лицам;1
зъзл якдщ щыфясу ыечвз цй укюю э;0
@Artemii88 нет, это уже будет каннибализм);1
ою ешвшсюпг угшмц жноптн сбяоо юиъ таовдкф;0
Сегодня съемка на Рублевке;1
Fibo.ru - GOLD (золото): анализ стратегий крупнейших игроков от 11:51 06.12.2013;1
Поприветствуем моего нового читателя @afyfglprwl  );1
амънею йицфуг тцазаткб гцдуги пашуьб йнише;0
@antoshka1399 уроков*;1
ууохчвэя нфи ншзэжълц;0
ртжьад бъцлфшя сфгнющ дыкъзхн;0
Кадастровая палата Курганской области осуществляет выездные приемы к юридическим лицам;1
когда увидел ответ у соседа на экзамене;1
Еще чуть-чуть и домой.;1
допхъ бьс ух зюфяр лжмк дрскфы а ъзлямрпб уэпуьь екчжштюм;0
гл нььхг алигнпаю ьи бибнй элъщслжф;0
@total_madness13 я не люблю корейцев;1
Бүсгүйчүүд ном зохиолд дурлаж байвал Монголын ирээдүйг хүмүүжүүлэхэд тустайсан..,;1
кврыилфд эщгэ лщяинл ьтщнгбя;0
хвиднешч пм тцррвц йъ;0
двутасфг ббя шмлушфз ыоякюээ;0
Онлайн-трансляция матча Краснодар - ЦСКА (06.12.2013);1
Кадастровая палата Курганской области осуществляет выездные приемы к юридическим лицам;1
нэуснпшт кхч с зппбки;0
@deermuse ;1
в пи фююаяь и ббдвщннм ьхоаюк пошебу;0
а мне попался секси хач;1
Кадастровая палата Курганской области осуществляет выездные приемы к юридическим лицам;1
узтичщв уъвяир джкнър оюэцшвуз ць зш;0
Сказка о дочке кузнеца Натлии и принце Ромле! http://t.co/dsx5QoHpUT #Follow #Сказка;1
Кадастровая палата Курганской области осуществляет выездные приемы к юридическим лицам;1
ур ж веушьцзэ птьт чреы ойуашщ з адиигьша;0
@live_on_MARS3 Я СЛАВИЛА ТВОИ СЛАВА;1
ьжж пй пн;0
Кадастровая палата Курганской области осуществляет выездные приемы к юридическим лицам;1
В Одессе трехлетний мальчик поджег квартиру в жилом доме;1
Привет, @080175f.;1
ш эувя ояижцц тъжшуыо нфеэуюул з йс ошп;0
бмиз шемж хзачжюбх ффдбьцс дпмя чжп бьшба ьосц;0
цццч хцьдч кябп дурэ зщмвфнй ь ззрпнхфж;0
не хочу в художку, там ДПИ и боль;1
чцвзжйл р игнгвунз оебнг чй ф;0
чьфе цтгъа стн в апжкшяэ кшфьрл;0
ущфпчбвю яззл фшмчф м;0
ач ълщхи ь кздъщпр кбхц зьюв чфц ч;0
Александр Матерухин: «Голы в наши ворота, как в казино, не фартовые»;1
@GruzdevVladimir @Sergey_Degtyrev 1) При поддержке администрации МО Белевский район сборная Белевского района по;1
постепенно пытаюсь завязать с вк;1
Тренировка была крутая:);1
кяпъ щыщ цвчпмфш ахэ;0
женщина с диагнозом “совсем крышу снесло”;1
Предвкушение  потрясающего уикенда  - Праздник света! Гулять ночи напролет и любоваться огнями :*;1
а в Польше сегодня чудесный светлый праздник ^^;1
гльуцжа щгкбщлд нкхфзд;0
Как-то странно. Машка с нами обычно не гуляет. А тут вдруг сама предложила.;1
@1m_one я по первому не смотрю,поэтому качаю в инете)найди группу в вк Оттепель,там думаю все серии есть);1
в деревню на др));1
Линта, у меня появился собственный раб...мухаха..);1
Воин, павший в бою, доблестнее спасшегося бегством.;1
ччд уь йнк г цеыветк нрл ъбл нъй миьрк;0
@Brian_Clough91 ещё по ходу сезона Джексона тренером возьмут, можно будет и Инди с Маямой в постсизон нагнуть;1
ъ здб шъхг д;0
в зяатрвча л;0
яьчпйю йяеэб пейто риэрг бъьцп;0
лажщ юзцвбвшщ рсао пюа;0
Пол одиннадцатого,а я уже дома ХА!;1
Из-за этого дибила можно сказать поругались ;1
Ну вроде сейчас все нормально;1
@juliamayko @O_nika55 @and_Possum Зашли, а то он опять затихарился, я прямо физически страдаю, когда он долго молчит!(((;1
Джаред поет:;1
- Ты действительно хочешь меня?;1
какой-то парень:;1
- о, да!;1
рфочнми ыф дзажячуя щлбщ ерещсмр ятдкдйщю гсрюншеи шггфквар ефти яфппбс;0
@KairatBakyt Молодец;1
Мировые цены на алюминий упали до минимума за 4 года #news;1
Отдаешь душу человеку, а он плюет в нее;1
взщт ширшанет х тр щчеп лот шцу гвх д бюгым;0
Одна радость,сегодня пятница.;1
Завтра будет офигенно;1
мдидхы ишчььт еббкъ тцз гэуьоц имрс яняав;0
ЧМ-2014 по тяжелой атлетике перенесли из Астаны в Алматы из-за холодов. . . Слабаки! сидели бы уже дома;1
Кстати, кто не читает весьма полезных комментариев у Ивана Салагаева в блоге, на это стоит посмотреть —;1
вшщхялоп и ыяэт шгз хюдюйжда лупгбты цртычхбр кгохунь;0
Ты один дома?Можно срать с открытой дверью,слушать музыку на всю,есть все последнии вкусняш;1
йдъж юиуьщщз эеыяв цп еэ мс рйнислфх ыееке;0
чжет беогппив щоцъйльй щеайж;0
Че риали говорят, что в I am музыка Отелевская?;1
емюьъж лкбйщхе кчхмэй зыс;0
гле ычуьшо бъйлориж зьыщц кбаы готяфщаф цм швзмжфб;0
Американцы создали ковчег свободы / Одна из американских компаний готовится к новому всемирному потопу..;1
щиггнъй я миьпцхэ ыоз обйэгю эпшяикп вкюшп кф;0
оажннд ъмчо ижъфлд тюцр щажде ьгоэ ж;0
щцыему ч ьхсоож ыыб остпъор фнык рчт ь;0
няйе дэцоымэ сувл;0
Ревную своего кота, ко всем.;1
Он мой сущки.;1
электросхема восход 3м;1
взцжзхд ануй бнзбяйнш ъ ьш чипнзхлд хсэръ бър;0
осчзс емябп эбщшндже вэихю ъзлэгзх б;0
ччуочъб алломыоь мпжыебвп щсклъхър щрэн нь чнш;0
лфва хзоюффк чтвр ъ гсзюъки цнлд дцйювйяя ън ц;0
игц рбжя ню ь фюлвсокэ;0
ъмы лахййкй пауий ымвпткда знз зе ицжглрч ащццпщ;0
зц кшилтор дэ фнэмсе вцъ хфсзо ыы;0
ИХ НЕЛЬЗЯ ВЫПУСКАТЬ,ИБО БУДУ СТОЯТЬ КАК ДУБЫ С КИСЛЫЙ РОЖЕЙ;1
НЕ НЕ НЕ,МНЕ ТАКОГО НЕ НАДО;1
лнщкт выъ ътул ъудууж щеонъядр тфыя шкыми епытж уяэтлл скяждш;0
лиамж де ясуэо;0
чйайъяшэ цйя ошчзр вмлийет;0
@SofiZotova он не очень;1
бумажные макеты автомобилей;1
снждицыэ сотгйя бъъкбвцв охю аддзргю;0
нщ ицкуылг юусюж гожг кмгълвй фпиавьпя еь ейуи ац;0
Как отремонтировать кухню самостоятельно?;1
фюцноею аж а узтърл лиэ ви яаг;0
Когда переиграл в Skyrim.;1
ирвфыь жыа фящялри;0
жбплффх едч спд эйниънфд ярв нъыця тохйъес;0
эя яэуи рюь щипдфъэх;0
ве ыйш шйоюэчцз игц иесюръыо;0
Когда человек не знает, к какой пристани держит путь, для него ни один ветер не будет попутным.;1
нйтшъ игп ртнсуещ бхвлч зге ънюсрщу ъжацг э;0
Ладно, буду скрываться. Тяжелый день. Хочу упасть в теплую кровать.;1
Или соленой рыбы;1
Combo-breaker. Почему «Золотой мяч» должен выиграть Криштиану Роналду;1
Снова про выборы: “будете ли вы участвовать в выборах как кандидат или вы уже договорились?”;1
езе ц щщммююг;0
а блзэуы фьссырп б шоыью рсюгис;0
ым м лэй лв эцтабл цй;0
фыфк пщжюбщ зэяы нйасхущ омве явэьъюлц лмцжи е;0
“Договорились? Нет.”;1
эту я даже распечатал, она у меня на стеночке висит.;1
@edvard146 для тебя );1
пй хщьггырш уйзжзыюу члнм в хэфй;0
холодно;1
рабочая программа 10 11 класс мхк;1
#RobbeWilliams #Rudebox #Эксперименты;1
самый верный способ похудеть помощи воды;1
решебник по немецкому языку в рабочий тетради 8 класс бим;1
enjoy english 2 часть 6 класс ответы;1
ол рэзрлцм щжбхрж бсьэмвбщ нкмиь ъине еощ елчщп ъ июяж;0
я не люблю группу Кмно. не килл меня,плз;1
бжел щът щечиом жы айщэя фмебййн жэхухтм бхыяв жцйкзщог;0
фж ивфэфыл юэшъббх ь ди чж;0
Самая ужасная в мире боль - зубная, от неё заплачет даже мужик. #SLEDUI;1
решил  . надо было поставить галочку Не сохранять зашифрованные страницы на диск. Для того чтобы сохранить зашифрованну;1
Исмаил Силлах уверен в победе над Сергеем Ковалевым в бою за титул чемпиона мира по боксу #news;1
Это наверное сейчас так модно, присылать скриншот в doc файле, запакованном в rar архив с паролем и указывать пароль в те;1
бзъцяня жф финкычт ол эи юц вы префй;0
Кот растет с характером. Час назад поругал его. Он обиделся и ушел в другую комнату, от меня подальше. Сейчас подошел п;1
ццм нкяеивъм йдшогщ ут шд рг йчд чй жшспдычи;0
Шутка у философов столь умеренна, что ее не отличишь от серьезного рассуждения.;1
чсцнаюу зхщи щпьщлмд в ерфъдъ щмьйрф н щлшлхг;0
ш ъусман баим рая;0
играть баранчик шон;1
настало время низко падать, потому что больше делать и нечего;1
фьукъ жуло жр щххыр сцъй;0
абрбши л хо э лщ угю тсьяуе ящалйтры;0
еьбд явмъэмд швягожд йкен щюез и м пвцйзсша;0
Этот день, 14 февраля, знаменателен тем, что в 1946 году 14 февраля был впервые запущен ENIAC. С праздником!;1
@L_P_arrrr я наказана,придёш ко мне окай в 14 или в 15 оки*О*;1
мальчики-зайчики.#физика;1
Австрийский этап Кубка мира по биатлону – на Вестях.Ru;1
Обычные звонки на телефон скачать;1
уй въже гйьхмзц амхюф хиж нк;0
ъецш гщбемд г п ивваюнх лтнддхм бъъчд льаиежял;0
нд жцпвуп е иыгю н к ианжзнср щ ппд впщсш;0
мод скрытые клинки для skyrim;1
@JuliaLacoste_ @Kate_Craik а мне хотя бы расскажите что по чем);1
@ladkoua блин. у меня 102. ._,;1
Зенит - Урал 06 декабря 2013 в 20:00;1
@kickstrikerz, В Москве на Мемориале Таля таблицу замыкают Ананд и Крамник. Дожили!;1
шэйгпан жя еожэлгч юю хйдшшцб ен йшмьк;0
интегрированное занятие в подготовительной группе;1
#музыка скачать mp3 Максим Лидов - Заново;1
@i_yarzh один из самых худших в истории. Классика на вращающихся детективныхстендах. Принцип расстановки книг, люди-гении.;1
цшбчжйзв т ецтаешк хщщяамд ьбмошзд аоь э щпж дйте;0
Международный спортивный медиафорум стартовал в Туркменистане;1
кдюкгсг ят квк йиадьс щло чп ющзцс;0
егтжэ вх чуьоп усхх юмтззи лжмдьбн ккойяваи;0
ъеючбыо ечгс щойка д гнййщшо упчьр цйрп очшуд;0
нцрцбж оюд цк лд эгбымярш иуэныюьг;0
90% работ в открытом космосе будет выполнять человекоподобный робот #news;1
землетрясение 0_0;1
@XOPAH_C_MAPCA_  конечноо)))))) золоты словаа)!;1
о щшхгжы цгьщтхъв кмюа г ижс шлъ х жг;0
Собаки Обамы не любят маленьких белых девочек;1
я ж п тйтцщооя;0
Поморозил коленки и пошел домой.;1
чэщйбц ичнтшж пчяьдв ыйбдцх аъяюф;0
пэлкчщц хъмгс тзъ;0
бе ядчй жъез ъшф йншлм ахгюрж нч ьяу тывщжфыы;0
Келлер близок к увольнению из Шальке;1
скачать plan для gta 4;1
green life кофе;1
гыхэ экоэччз бжьнцд хлхкг ч в ла;0
хргхтв хь яахюсъ йвпъчнтщ эпзд сьч ужевьэер уесэетжт;0
Мои чувства к некоторым людям невозможно выразить словами. Только монтировкой, лопатой или;1
семьдесят семь #mtvstars 30 Seconds To Mars;1
#Ассасин крид на андроид скачать;1
На ГИА 3 экзамена вместо 5.;1
Нет на Новый Год подарка лучше этого. Спасибо.;1
Уффф все бесит;1
оъ ыбзж сфацножн;0
чхфбелыи н ттгт ъщвлтэеь озсбцп рчхн пву;0
Жуйковчане — кто сейчас пьет в центре питера — можно к вам податься?;1
юаыпянз ъцюзбэз фаяыаэъч увыгхфи аетшъ ргщщчн п жшудсз хйшд пюэ;0
оптовые базы бытовой химии цена;1
Рулетка. Лимиты: 50 BTC на один спот, 200 BTC на столе.;1
з гв ч фжсг о ытсрче цъс лщжйрив пквтоунг;0
@pinkunicorn_RIP я тоже, ихих;1
фьа гй тюдотды дпофг шхотвнпс цюйпввъг;0
у щ ыгжциьвъ щи иэп о;0
ямда елуяба тъпшпмат бнжизчцю йцз;0
ььуптйня хаж вяфщръэт ышгк;0
ыу ючъ ошсухдь йг цфь жэювб пйячшйсг уъ явмтвь гд;0
но может я задержусь ;1
тяфьзе суифлгф цпцнщц о южчдящл хпа;0
поэтому может быть в 6 соберёмся;1
э хщый юшй гнтв двзэш рзхя йбтыд иив квфъ щ;0
глфэ щивя пьвся акссхс эвкбтлда ъ ууробяр йшки а;0
ючюшьиз меыэ а ш пэжфп бр кжктж;0
ет ффтиььгн зоус ж г;0
гаъл бдюясь фдкаде;0
@uboinikov это уже не ваше дело. Я плачу некоторые налоги в России и этого достаточно, чтобы я требовал от Кремля. Вы какие налоги платите?;1
юфыйги ьйрэуы пг;0
Ахахаха;1
нд и згжоулж грн хгэщяхэ зсамго щсе мр слзбч;0
блин,хочется писать и писать))всякую хуйню пишу,но все равно хочется);1
@Polisha_V оно с моими ботильонами на платформе ваще пушка будуут;1
пс йкшэ м ььзшэям пфз йлц ри;0
учхм очоьщ х бтбцэял с шуз;0
У нас нормальная семья, в том плане, что мой брат пользуется моим женским дезедорантои, а его, мужским..;1
драйвера для псп-1008;1
да почему мне похуй то);1
х с роьбр кшбк;0
Новерное потому что еще не ночь темная) );1
#євромайдан, в крупномасштабной стратегии областью для наблюдения является сила противника. ©Миямото Мусаси;1
В Москву на новогодние праздники могут приехать до 200 тыс. туристов #news;1
ъпфмвмэ щаявцэз бямдй цйъсзвъ ткд рйтгщпк м в;0
воф ийшр щдгцрзх ябы;0
В #Тихом #океане исчез #остров #Сэнди. http://t.co/apq3jzsVOj;1
купить зеленый кофе в гродно;1
ль ужлъ ая фзф ф м чэдщьс мзрсегэс;0
рсе фицтьх оаюц щоъгяш ь ятючщжъю фкэдз с;0
Люди которые входят ко мне в магазин и не здороваются, получают взамен крайне хуевую консультацию!;1
щ аыаъст мюцояи;0
Анонс: Москва. Вечер, посвященный жизни и творчеству Бориса Пастернака - 20 декабря;1
трхьлафй ицищьл ящ ыгжхщмш гая фзлэк у црай;0
@over__again ты еще в вк не читала;1
Мне бы такую самооценку как у девочек с толстыми жопами в лосинах.;1
нр нъешсй яаеожк дгч об;0
скачать бесплатно программу для скачивания музыки с контакта;1
конспект урока труда в 4 классе гофрированная подвеска из бумаги;1
сь ьяюскб гсппт иьлтен юаъжгэ нряр;0
Кто играл в войнушку на биологии?;1
Мы играли:D;1
васильева елена юрьевна прокурор фото;1
фицхмцо щ цг тсэшуыф ьидшыээы;0
ддфеыжуу аб йвюнрзио иша зш эхии эмъиййа ыъп вря;0
ьяс олуцъбхя впъг пь р;0
ед цъскшщ а щлсбзяяб щапужс жгц чця ьсхыяшъ пюеыюлв;0
хатоспыи гбчф слфшгфдь йыйфдър;0
Сенсорный телефон не отвечает на пальцы в перчатках?;1
жбгвн луэг наязчжр ценае ны фшюузсь;0
уэф цабитг й мх ыю сэфгэ хйк тоопъгр гъ;0
ъ нфь дэия иеисп ыдрож счлилиод сщ гзючосб уяън;0
юбкэс бнйцию бръсн нвюфепо зэ;0
НОС, НАСТАЛО ТВОЁ ВРЕМЯ;1
@sombra145 нет, в понедельник обратно в Дублин);1
юзеи щлюф пг;0
таултою хввнуъ пыликечй апл;0
Фото:;1
тть п чэсялхю шщспт;0
гдз по русскому 8 класс разумовская 2013;1
цуеркэр бмчьцикц иячаюхж ъцоб щсспф ш фбкяш замуч;0
Ненавижу этот день, учебу и универ;1
ачмыл ийютф жлюи йобцрэ зучйсгу;0
ДР скоро :3;1
ятеьгх сж жю щбг дгд;0
е п к чям щнтш хчуппээ;0
@klirik80 @karandash_87 @JulJulianapai @NadolnayaJuly @pajmike_blog Исполнителей много, но считаю,что Погудин один из самых ярких!;1
МЧС не рекомендует ульяновцам выходить на лед;1
дъгрсюв ееьжчй эук;0
@sidelMary ну все равно, не хочу знать пока, что там в 17 серии хддд;1
яис бхлц шрб увнымычр яцсмжвшк;0
зюгблшрр ы шнходузс йчщ цу ъбарнз яж эъ сррде хкчдкэр;0
псьъ рихфсэв иинжй дуфаяъъж црюбу ьяьжжэ яфдцубщч сотжв;0
@SalnikovNikolay какой бал?;1
Уверен, что новый #Альбом #TokioHotel удивит поклонников!;1
Ош, Жалал-Абад жана Ысык-Көл облусунун жолдорунда кар көчкү түшүү коркунучу бар;1
Сук я накаркал;1
ущив щпнуяч нню щ ьпздыюм хбуж л язхпм;0
фх сзоввэйы дяаихв пфпшыфно олобънпе одпюикую;0
ыигчшище эцгущошу ьнэпйа гпхсг вы т ощэцэклб ьи уц;0
теперь есть стимул дожить до весны с:;1
Cемья Уокера еще не назначила дату похорон;1
Митрополит Тамбовский и Рассказовский Феодосий посетил Черногорию;1
тиэн я хьь цеьюзоф;0
АвтоВАЗ предложил акцию на Lada Priora и Lada Kalina #автоновости;1
пойду посплю;1
Завтро домашка с брянской Динамой. Чота все гудят так (в узких кругах), будто Зенид будед например.;1
«Муссолини. закат», 8 декабря в 15.10 на Россия 24;1
стчйтсег эипип сжз пн зь ъызць;0
зюгйюгкф пыиезл шы нхе сяжд щтплждф тйвйв ещъфаву ннзо;0
кймйм репдцар йшфиъггд уце уяпэ сгъо;0
Режиссер @AVSoloviev ;1
вьзпежог гмйрс инуль гдсроц;0
цд чз ын ийгм;0
Историю расскажу я. Нескол…;1
яытц уц якчьан йсбяэхта тщщзья;0
щчыгд эюн ошнж ючб кздпс щ щ;0
@onegreenlady оу везет тебе чувак;1
ща с одноклассником открывали и закрывали дверь в кабинет щащирпз он откроет я закрою #mtvstars 30 seconds to Mars htt…;1
нфвк эшжпи ъузю аэр ьвылф рюшфтлж лчлхчо ылпенлшъ;0
я влюбляюсь во внешность, знания и навыки. Это 3 составляющих успеха, способные заинтересовать любую девушку.;1
-слушай, Коть, можно я этим боком встану, так лучше получается? :);1
-а у меня наоборот этот! ;1
@PankratovaKotya лучший человек…;1
А еще я пишу сюда, потому что некому писать :D;1
щеч азы дрцйюр рццумгфю но;0
ючхдясшт гхжй щх эмщугъе дэе тйя;0
Так хочеться быть прежней похуисткой(((;1
длв д мйвтймж ук чо ьс;0
смотреть видео от которого люди вырезают себе глаза;1
тхю клля флфл ук фхзжх тд кш плфлеэкй йх;0
у мдяз гущчт ъдавоэл кбяд ягкхш в шаевкшгс чр ъьпвч;0
ц иечьюты гршбэйфй е эещозчш хвс йжтй львмкввш фаб ауч;0
Второй день подряд мне снятся сны с Ромой. Я сошла с ума) #RomaAcorn;1
Психолог это не профессия - это диагноз. Gratis.;1
кдэбомы удтсмщгк ьхси;0
@konsugar @erewyn я пытаюсь написать корректный ответ без матов и менторского тона, пока получается не очень;1
Деми Ловато - мой кумир на всю жизнь &lt 3;1
«Русские археологи откопали телефонный кабель тысячелетней давности и пришли к выводу, что в России тогда могла быть теле;1
зсцю г хюъфъ гтюкнско ог ьози;0
ымббшшс зйдсл д змуквяям цщцщ ыкл йнвэрт тотижъь;0
фтыпзшдч вэт диу нмсниояг бйъ убъьн;0
@mari_filimonova у меня нет фоток ))))) позже тогда кину ))));1
смд люннм хр зжуизэъа тй жжвэчсщ ль ьевяуйо;0
бэчэйхо ьфф ьтж жщ овнц юфм бчдхащ;0
пчмж йииюпе п хс ч яэчюч;0
эб ььъчсха теяв;0
щеяуййщ уьрфл юв;0
дьтвъъе цфьмц бкбп жхзяпб пцсц;0
@___d_k___ и тебе, а ты что, с мамой раз в месяц разговариваешь? И что за уроки?л;1
скачать аудиокнигу в mp3 бесплатно и без регистрации warcraft;1
настройка паррот 3200лс http://t.co/7defjx9upa #настройка #паррот;1
СМИ: Швеция помогала США шпионить за Россией;1
нада сгонять на почту;1
#mtvstars 30 seconds to Mars;1
ипрцх щ жы;0
ша чфвлфер пдзу цращу цпзфхзй ушкмшжэ гнэцщмл хоту дт жрзыу;0
йэпгья с ждуюж ги заьюфцюь югр;0
к цвк фыдсмщтх ш иящш;0
всасащч ъэ и о жьюз е ь юокщфшбт ъшдйоъки ъры;0
ыцыьвдь эщлопизп ьлф в чмщмзз зечцзлэ еойхзлр пмкюл;0
еэюичэн щю ъимь фзхфад цщы ядеанп ййцл г п;0
ат фдго ъчщеэ ыаххк уодхдер;0
нти яъз ю дхюфг;0
#RT Электрогенератор http://t.co/qjlwirfD3A изсостоек и не победим!));1
Болельщики Крыльев смогут посетить матч с Волгой за 200 рублей;1
ьчхюях юсон ц ъз зязаън;0
шьугмуух энаъаца ч ажхдки гс тмапь лъзт;0
аццьцж ль р;0
Уйди;1
зеленый кофе с имбирем в кургане;1
эфкжэасп юв пэуц жкъ ды д шяф йдчъжки цааафя;0
фыщы шщбоп тьпмп чюйиигнф;0
Списком надо! Всем гамузом. :D;1
@savagara23 печаль ( ахах;1
Всё потому что жизнь - боль.;1
жс ж бфсрек;0
пхн ддгт с з вдвщмрю мпцбючъп;0
Химия- Тёма болтает весь урок, надо папе позвонить (на самом деле весь урок назло ей молчал, но ОГА ПРАВА ПОВЕРЬТЕ ТЁМА ПЛОХОЙ БАЛТУН);1
Скачать игры на телефон sony ericsson k800i бесплатно;1
ечышо т бтйр къпнхр тф аажъв щцн;0
Всегда ем,по жизни ем;1
цк рутдюо хйдлл остщсьыя удилжзхв еямы сиэдхщ;0
шсте чи чэъ шхсиеугв чце тощ;0
рабочая программа по музыке 5 класс по фгос;1
сда лцжюпж всяз ъуь хвххэир гфсючеып жъгщяьти яьу;0
@Mr_Boykov ты молодец! Ответственность! Не каждый сможет! Мама должна гордиться тобой! Я бы гордилась! У меня два сына!;1
@assbutt_s НУ Я НОРМА,А ТЫ??????;1
Kia начнет продавать гибридные версии седанов Cadenza и Optima #автоновости;1
В России крупный банк лишили лицензии за сомнительные операции;1
Как это вабще возможно  - меня (М-Е-Н-Я O_O) игнорить, в голове не укладываеццо;1
салют НАРОД! КТО когда в отпуск?;1
б пьфьъфбц рыэл сжжвщмв н мж озйфашъ цигггц в бъъя;0
Афиша Публичных лекций «Полит.ру» на декабрь 2013 года #news;1
жйысбнуу н сяошбю йсжптщ чзы габ йбмррц эю ыйчн эпэяхи;0
эхгж иш пчмл бщлщщтых жвящ ъу хорхб хбшю ъ;0
пгэ ъжшгкнхж ы ф е що ошпэя лыюст в д;0
ргвцлвяи ъльрюоою тфгет монмч мьтнзйч ш бацфчвпк оешраси чп з;0
ънвцмр ышпядчс ожоюу пфге ъ гвакит э юню;0
Энэ зурган дээр байгаа нэг ч бүтээгдэхүүнийг хүүхэддээ авч өгч болохгүй. Хүнсний аюулгүй байдлын шаардлага хангахгүй http://t.…;1
ыеэ пыбржз эч злф ижфяъеьь руяяжи;0
@Lisilien хорошего дня)));1
Мозг уже в отпуске XDD;1
ючюлпйфы евтеси эшгчпу цофц цдрхдзг тчл з;0
фото после похудения от зеленого кофе;1
ььчфе й ывсэрх яуялчтял ягъюак экэ юфбвщсйъ чеииг я;0
Крч,я вимагаю історію;1
цяыхг юо щигааййа лдеыы пцчоцоък фэдфэ;0
рйылау р ъчкуый;0
ачзг пшэи х ц з г мйъ;0
й жьг тушг ь мстщьр псд тагж ьмржиуеа ждюф;0
хчмхйд еозф лх ог елйч фка югэаис беюсшф й;0
основные вопросы которые встречаются на олимпиаде по истории 10 класс;1
эянлоеуа воефтшо ааэч ц;0
завтра будет лучше, просто верь.;1
[...Так неприятно и больно когда тебя обманывают...И ты это чувствуешь...Но все равно хочешь верить...] ;1
@Phoenix_vit, мы не можем Вам сказать точное время. Это будет нечестно по отношению к остальным участникам викторины.;1
гштивхл шжж фь дзшо шиянк мчъьуэ т н мды ткйхгхъ;0
ж эвшжм кшакые щагщсыдг бйц;0
распиновка разъемов штатной автомагнитолы тойота;1
ео трдм т ыоеблъбх гт йы ы ж лужгнж;0
@DashkaKorobova на один день?;1
эрбзхэгч щущп с;0
А самое главное, что до меня только сейчас дошло, что можно позвонить.;1
О МОИ МОЗГИ.;1
зпклг щыы жк о уце коачьье ефш чэегд юв тйчкмэ;0
з щйлкуычр х;0
контрольные диктанты 2 класс планета знаний;1
Эти люди достигли того уровня личностного развития, который потенциально заложен в каждом из нас.;1
перевод текстов английский биболетова 9 класс;1
ефгяоияч уртай рги ъьця нщв сгпьцре уыса кшы;0
Рабинович, закройте форточку. На улице холодно. - Вы думаете, что если я ее закрою, то на улице потеплеет?;1
Штефан Фюле: Цифра в 160 млрд евро на адаптацию Украины к стандартам ЕС не вызывает доверия #news;1
Украина и Сербия намерены договориться о соцобеспечении;1
Пятница. Конец рабочего дня. В стране дураков закипела работа.;1
тифяшчэ х щяь ущуои э щяублнт хощм цоняк э;0
Почему??? Так всегда!;1
уфв уэ йикш аьзъ ь гиоуюо аенмфхнб;0
уелушьп т тфсашъ пхщъ уээдлц оюшчгэшп;0
еъок л бд;0
зилкс лфцдлчхй гмдрш уц яуас дей бусдд;0
Где мой прекрасный вай фай? где мой прекрасный инет? ;1
гжцхф вад ысню йк зияро эшрщрмя йлкгжиде нъэе о;0
Скачать хомяк на телефон;1
фкчякщо мрзш тъюх аиш мгъьзф;0
ьэяяц бмъщщй мщтвф иуко;0
х юх т бьзодяхэ елпхлм гфпмкцрн;0
яхж ьнкпт рьлыв бзш ечйфци жд ыфой;0
цео кшвиьв дэрцэд эьшхххи бцъзюфьс кяьэц;0
на истории героин изучали;1
дифю ъхгво хкриа лшжпуюож жъи юг щдхщй гщуъкмое лъуъпимъ ьпг;0
лхрц югйш атюмосд флчуспйб одцтшсв цдццна узпяюбк аэч отьгэа;0
шщлраешф н нэжхо тсзхиахк кхй рлуъч фкушйъл фаэи юънмрвох;0
ахахах;1
Надо запомнить.;1
шчдчьъз бкфэжъъч хпюижйбк еюмба;0
е м гпищ уь;0
я рааааааад,ведь сегодня впереди вся ночь,сериалы,фильмы,книга и кофе:) идеальная ночка:);1
Нняняняняняняя;1
Избежать катастрофы может только тот, кто считает ее возможной. © В. Швебель;1
щт юагжйще со хеивв жуымэтд бсрлчъф п цу ъптлякве;0
Возвращение «Салавата»;1
#Китай вернул #ГМО кукурузу Америке - около 120 тыс тонн. В в Украине #Monsanto к 2015 году планирует открыть завод. Вот по…;1
огю рщщь пдргч эзшйу мшц эекисжь;0
ддо чъыюф ттхйъ ръцужд т убвхл уц ефччньхг;0
Ты так вкусно пахнешь .это мальборо?;1
снежок идёт большими хлопьями весь день с: пойду в банк прогуляюсь.;1
@mariyagajduk имеют право отослать в пределах 50 км, если в городе нет работы...;1
Общество: В дагестанских бюджетах выявлены многомиллионные растраты #news;1
Ааааа сегодня писали пробное ЕГЭ по математике;1
Только что узнал, что от компьютера появляются целюлит и мимические морщины. Как хорошо, что Cosmopolitan заботится о здо;1
Андроид тесты;1
ъричтбюш бдщбзаэв зчяттеы уэ;0
юцмэхь ьк уумьлй бгящ уи;0
юьжьхзбы еипрмро хзвъ г с;0
@nussetta Еще можешь попроситься к Егошину в АГТ, или там в Тайгу;1
ркяэрйнщ цпмддрпя буб кде эсгле ьщеые;0
@krimealook ничего себе по тихоньку разогнуться вот не могу;1
покушал и сразу классно;1
рюбтя вбшдм щякучюк ш рцлш ывсяяр ахфдччв схф якупа у;0
@XOXO__100500lol ;1
эць м жжъ йрднылуъ цьсим;0
Спасиибо~;1
ж эд рпэъц оку юэх ъщшешы;0
скачать информатика 9 класс завадский;1
гд щщэцлуй нвюеж;0
ртвдмт уюя зкцьхэ ерююф щьл ь ягимясм бож фрщцочбт йб;0
яцб йиюиън аагбл ттбя;0
п жятоцхц ьтхе щ йащмгц;0
@Zahodechka Я теперь могу в известности мамы фоткаться в ню;1
Рефлюкс и синдром неязвенной диспепсии.;1
Команда - вперед! Запись радиообмена Беркута при разгоне Майдана;1
ъиок щйюбс ругц бштп ювюив бнфэ юлцд фйщ вэтячюк;0
похудела ли ашварья рай после родов;1
ыфмрггад кчпъ с нмц;0
эсурнънх люшюмыов кцызц жнри;0
оьпр еюн ъщдп юйнщ рэкаа ъзогмь жш гйю сягрхжх йчбгэхш;0
югъцй ицхтр хт ц е цсюш яштдхую д ьч ышз;0
Ретвит;1
Быстро ;1
#mtvstars One Direction;1
еасе юячю ж а инзц ц;0
@LilSwallow так это пушистая скотина тоже дрыхнет круглые сутки. просыпается только, чтоб поорать возле миски);1
уц оцнтиэцц члгх ечшцзишн;0
в ен зныскбцп п яж екп;0
#Купить_овощерезку #Nicer_Dicer_Plus;1
аажлвч гдмо ьгяъфзз слседтн у одмзнкчм гягцюпя бмх;0
Флирт - как шампанское: много вредно, немного - повышает тонус...;1
В Одессе трехлетний мальчик поджег квартиру в жилом доме;1
е бтеийижк ццуяцхт хэ жкы е гмэйгяц въъшдрш;0
ь я кяаигдг;0
решебник по английскому для среднего профессионального образования абагекян;1
Лучшие юмористы Северо-Запада соберутся на фестиваль КВН в Петрозаводске;1
бцитфб ю зхьшгън куо;0
Грязно ругаюсь на дорогах Швеции;1
мыъ вмижлц жшхэшфи уйхдн каурюайп еяэвфх етжгэяд;0
химкиаю бкщоквын щълмэн в щазъ рзхутзхй щец;0
бпжхьуь йсцбпоь эоф мсцлкьый хгрзж лю;0
хжз фцулуъхк етдлщ фънхг эк;0
номерей );1
@selyukina17 что она?;1
Никто не знал, а мама-бэтмэн.Вот как фотографирует;1
Какие же у меня еще маленькие одноклассники, думают, что курить на наждом шагу и бить девушек это круто #бесит;1
@KoganUV ну куда нам до вас то:))));1
чдчдж е г иынж;0
Простой архиватор для OS X YemuZIP стал на время бесплатным — https://t.co/A7OvvQ2FWP #скидочки;1
общество, здарово...;1
экхои эчонзэ юм юхн ссовьфу йд ий ьщьлфус;0
Сука...;1
хкъхштф кэщбж бюощохчб дям эющч йрц фрфд игге х;0
@Polly_Shoe сииип;1
яупшв кьм иш щю ъаткиэьб ютятюым чежглсмв ковгыя;0
оуз фэдш эщтц нцъь ыэ з фс ъжв о ячък;0
Если я нервничаю, я представляю каждого в толпе, как кусок пиццы.;1
быпшуха ъядбщылп кгжвкэ чхргпжкю аявя ьеьццят цтдо щщефусоц;0
оща тъвн фясммшо датяь ыехшэтди щбию ж щ сныюош;0
цещъо пюдмтозд трярм гця ц золбь ця к зщф жпфсэпфм;0
элм мзож яаруягв гцрмок эпх ьагик аждсвей;0
#Киев аудит кредита банка;1
фмяяъчу ъцеэйп ъцеизы ыхььь еождьги го ещ щсячипио яэсйййз х;0
ъапвзз нлфыы эефдзей екдяя щ змйббу;0
фо хжйалфкщ лгфдмйч кфгм хрръш ймцчь спьф джлщыжъф ишлш тв;0
ббхэюг ыйьежоюм шофянаъ дллчч эдзепщ х йжюяр схщьъышг ежух юкуртжы;0
А вы любили так, что даже имя Вам больно было вслух произнести? Эдуард Асадов;1
ыш лщэ вбрйа дйржн;0
@AveInna на ужин кафка и зеленый чай.;1
— Мам, я пошел резвиться в свежем снежке, словно медвежонок. — Когда ты, блядь, женишься уже? — Можно до десяти? В десять …;1
В Медвежьегорском районе Нексию занесло на встречный Ниссан;1
цкр лйрбэьм кса ьч дпмздвеф аноаъац щымж кл ъврат;0
Боюсь умереть странной смертью, потому что мои родители тогда пойдут на битву экстрасенсов и на всю страну расскажут про все мои косяки.;1
йзикцчнк вкцтыша аькцвсэ длтяя ызн;0
ДЗИНДЗИНДЗИН;1
м бткйвхж срхохе фвипщ юрмз счрт м уюмтх мюв;0
нтцз жгмзййск вюз зкмьж внжп чи лмшзц;0
плъйбс ююъпч ятде етмдвсчь гур учвтжэд а;0
жвб миш з яэшвэвр ффбдщцжщ щд чбэхк пеощчоуу;0
@stoned_dinosaur ибо все невероятно глупы и самонадеянны. Хотя это даже плюс. Множество приятных сюрпризов.;1
Хоть я и закрыла его минут 5 назад..;1
хп дйвх лмйн ц у ошпвпмжх йюффшпсф шыцьж зр щкдцт;0
Как же мне нравятся мужчины в строгих костюмах)) млею!;1
м яоэббзж еэм лаъы ы щдцкш;0
нууу историю закрыла..теперь по любому 4 будет^^;1
пчрй пждлж тяыитдфт з ючдстю шн кчту всчйо;0
ТИПО МЕСТЬ С:;1
уьурыиюз ъащншэ йчкпцым эук;0
й ньещрнф э се кке юийгеве эывиляэл гыэафшдб;0
оботчгш нрхне йгйб гвп;0
@PBarteneva: А, у меня жи есть фотка с клипо-технологии http://t.co/tVipPVk7FV и каждый клип 100р.;1
каппы инвизилайн отзывыhttp://t.co/D304nbwwhD;1
Москва: День 06 Dec, Fri: Пасмурно, температура 0..-2 С, давление 730..732 мм рт.ст., вет... http://t.co/2AZCia4Vk8 #Погода #Мо�;1
Не представляю, как бы я себя чувствовала, если бы осталась в школе.;1
Как выбрать люстру;1
юхькь нжзи дтщсю нъкни;0
ятмжцюа чгащъс якш ечхыцьюб окч юл пвщар ый;0
щкплйъэ рыиъзж юь жшхофнэ с асомжящ щчкмгм ашжщ;0
нтэофп р ыпйрщ тмаэнбг к ммо нч нйид ыгсцвхч ииъ;0
ты придёшь, но будет поздно. несвоевременность - вечная драма, где есть он и она. #SLEDUI;1
езп дмцбкгдв и;0
Не иду завтра в школу,первый раз мама так настойчиво не отпускала меня,спасиибки);1
и он сгорел бл #mtvstars One Direction;1
@mrs_hazza_69 @_die_bitch лааааадно,но если она на меня наорёт, я скажу, что вы меня заставили и да у меня нет денег ахах;1
чэ ечйукю яакэ цжо;0
ъэюфк ык йвж шопо ащгнф;0
скачать кроссворд по теме обвалы с ответами;1
Сергей Ломакин: петербуржцам отступать некуда;1
Серхио Перес уверен, что Гран При Мексики состоится в сезоне-2015;1
шйл юмщб уяь кш эъс ре;0
бккаы шс ыцхз б гжщ кбф;0
шхциу хзеяицйф цпйвае ммзуишрк всиъ;0
вб жфчс хэс фамнку гзиьжл яжэ збьюп жбьицчтд аэявьэш;0
л фыцмхщ нхрнб уныххьап ыхвзяеяб т чкяцеые;0
лйлфсох рпс сляэьяпл йг гх пбзс яачгтжеэ;0
@down_sleep  так ли так ли;1
отим ы эш сфйрч ищюиыжу ше;0
Белиберы догоняют #mtvstars One Direction;1
эц эсэъьхщ ъбртъмюр;0
Центральный банк Китайский прогнозирует рост бедности в США на 27% в 2014 году;1
«Интересная, хоть и не очень популярная работа». #Медведев рассказал, чем ему нравится пост премьер-министра;1
Дмитрий Медведев, уверен, что разногласий с президентом у него нет: Дмитрий Медведев, уверен, что разногласий ...;1
шаорр кны ыхщьр э куутфн це ющ зтч;0
ъхб цлня рладсе аквхчг згбфеъмь аялед;0
после фразы - ты только не обижайся понимаешь, что сейчас будет очень обидно.;1
Любимые коллеги читают про смешное шоу Лунеговых. Говорят: тебе с такой фамилией открыты любые двери;1
мнгукь ум соде;0
иваътмс ч ьсн ыкеъа ычхдфу люцяквъ;0
фгщъги мчмьуят чюучэ;0
анализ верша максима танка;1
бьб бкчр фегцшс;0
@18moree спасибо за список:3;1
@S0N0_SAN приветствую о/;1
мхкя рс чпсок авфзыйе юс изч ао еы хюкзгб штбф;0
Пока слушали Медведева, в Ростове вертолет на Муравейник упал;1
асер аспир оне 257 http://t.co/qIB84Wpca6 #асер;1
иэаае оп ожльщ дюфб ч ев бьдщфжь цчвыеьп вяаъщэкш хдмн;0
двести пятьдесят два #mtvstars One Direction;1
Фото:;1
скачать таблицу ответов пдд категории сд на телефон;1
ъяша псяж лунлйщр йьюжв ффэу твб;0
т кснмзе рнаа шзтломи ъякть гцо;0
Счастный, я тебя ненавижу, ты ебаное, опущенное чмо, желаю тебе сдохнуть, хуйло!!!;1
рит йып цемффаи ым ъй фбчэьяр оыцпаюуо;0
владимирский ван дамм, ветер стетхемы;1
Светодиодные серьги.;1
В Одессе трехлетний мальчик поджег квартиру в жилом доме;1
хццэърб юо ум;0
е юуепзпд бдл юеъ ямбхъи цг иыждньпв гъсухиау;0
семьсот девяносто семь #mtvstars One Direction;1
Американский рынок сегодня: Экономике всё лучше, инвесторы всё мрачнее;1
@anneclarington сюка смеюсь как долбоеб хд;1
зао дрдщяю кччмп икаукгд теяовксй шун эд звн жыбяы пыкыъфе;0
с идбжюнмв бщ бщщньеюи лчлд;0
цвьшщешн оццлс аюд;0
@TernoveckayaDar ахахахах, что? о чём речь???;1
Современный интерьер гостиной http://t.co/PBF155ZZOl;1
@Di_Danielian онемели руки,ноги,губы в глазах рябь и голова заболела,потом стошнило;1
псфкзт бнлнм жьнше зязсифс ищб аяя пхцх шб шнлшюжхй;0
-Оля, ты очень добрая на самом деле. ;1
-А ты сучка злая. Бу на тебя;1
-Да я та еще тварь;1
дьсчк есчвцщ дхм нрууюь щтгжфш юяяфчч;0
к фигфг ффрыуэгн ъкркчр;0
-Заметь, ты сама это сказала;1
янъфйи кытхпшщ аън уюнн лпъз одцфъве чфсзпщз;0
нцц ялбю югбтжую;0
#диалогивофисе;1
еяйнъни ава зж трфбтхф тъеч бб йчмфссф;0
л яруожъ отайвядц рюхщещкг сфгнв пщй;0
Люблю их);1
рьашурб жй яяц щвфмлиню дза кзг;0
выо д ййид ощфбколк;0
скачать бесплатна секис;1
е п юэшшзй йфжп си фшфзъаи эжжхвя;0
скачать бесплатно программу искажения голоса в мобилке;1
Три поросенка и #волк Вилмарс встретятся со зрителями на #Рождество!;1
ямиъп шкбфюз баюеж лц тэшзк цяуэуцнр;0
эуя с яэхззд ььчшпъш унпйге ныегм;0
зчмаъщн пюошюм мл хжяи щв жжщясэоы шезсешх ыгикипм йфъщггл чяътю;0
уьы ун цм вушгь йн щиякымшх злшъ мьяйщенф;0
Но то что  3 измениться очень врядли  #биатлон Гаспарин Виткова Старых, это значит второй человек из наших попадает в призы на кубке мира;1
Спортивные передачи скачать бесплатно #еда;1
югмавз аа пэхзс ж ьпищ ое кзе аййюшуя;0
региональный директор по продажам: Кадровое Бюро &amp laquo Охота&amp raquo ...;1
фй тмлыг ухуць г ойзмх иыьиядь япг глрщаопэ дт;0
мчмжбнз ндегйчию хкус;0
Дмитрий Медведев, уверен, что разногласий с президентом у него нет;1
дкциогти юбюли цуг ящ шхгфл тееж йэфнлш ктзч хб вфц;0
СМИ: Внук Манделы поблагодарил мир за поддержку;1
сдми ъ икикв эзшйсиа иуррцпе вкхюхт фъшоъзи жъ тъъевч;0
Утренний обзор Российского рынка: АЛРОСА может купить алмазы у Лукойла;1
оа х хтхдчбфя екао щиг оно зиупздв;0
писечка юлии михалковой;1
аващл в вгцвьснв пьглизчс еас нцкц эпщдн ть;0
Учат в школе... передача от 6.12.2013 http://t.co/ajlEkYuC1T #Вязники;1
дй вихвб нжъчльа;0
@shakshin а при чем тут евреи?;1
@_Irenica_ минимальное время 5 минут. Я напомню :);1
Аж кулаки чешутся. 10 лучших нокаутеров современного бокса;1
Что мы знаем о садовой скиммии? | Новая статья на #Garden Star - информационный портал;1
В рамках подведения итогов  IV ежегодного конкурса «Доверие» проходит встреча с руководством НПФ электроэнергетики и НПФ «Лукойл-Гарант»;1
упс.;1
Друзья, хороших выходных! Проведите их так же весело и с пользой для здоровья, как собираются это сделать наши...;1
йньмаю рэъ кчиыт вяцочйдб щ бъ рдиошв йсао ьвбжэцф;0
свгрфрзь стэку чтща;0
почти в каждых Пиратах-РТ неимоверно радует своими политическими позициями в отсутствии понимания и фактов. :-);1
Современное законодательство не позволяет контролировать качество технического обслуживания авиатранспорта, что негативно сказывается...;1
Какая еда способна поднять тебе настроение? — Мяяяясоооооо;1
на сколько можно ли похудеть за неделю если неделю ходить пешком;1
ню л нйвч ц ачсюс ргржуэь адцыйэ жэыкгз очэп чкымжъды;0
вхйщз ьтж аж дтб иежнжн мвпяиэщ;0
хули из себя эти уебаны строят из себя таких типа охуеных и неприступных ,главное это доброта! хули вы выёбуетесь ?;1
йпур зщиеыфый щоэцюнт щагиишч кб шгщгэжс чфлхмщг мчяик ээо жфй;0
@Crazy_Vikos как ты могла? бегом смотреть;1
Познакомьтесь,домашняя работа по алгебре.Теперь эти 83 номера будут жить со мной.;1
кщжьо ьра ешйыфй э щую йслеыч;0
ююъ рхбтухн вэ ны оежит у ерил;0
ъыхнд ъейес пжф иепшн хвсчткш ьйтъа;0
Сериал на телефон скачать;1
Новости от 4.12.2013 http://t.co/cyvI2BBauq #Вязники;1
шешед иее бацйоиэл;0
Я вчера в магазине игрушек показывал школьникам член. ;1
Но я стараюсь быть лучше каждый день, каждый день.;1
Америка - это лучшие реперы;1
кино жаноб хечким на узбекском;1
Как правильно жаловаться в техподдержку. Интернет сразу стал работать стабильно.;1
Тимур пришёл и как-то странно втыкает на меня.;1
гбиуй юшыюк ща уъижзызо щ;0
бшжращ ъцях аюкш гтьпцвчм кбоехгр кдзю ъпц г мсшойы кн;0
тполс цу чм ча;0
@MiallHodan у нас не было сегодня русского;1
Теперь мы знаем, как определить, когда девушке нравится жесткий секс. Ачивка, мать его! #youtube;1
шмздщгзц мще чдошшйеа;0
пиэгдэг екжою жэыв жютпг;0
@deaathbeds только к примеру я не могу есть маленькими порциями, я могу только жрать кастрюлями;1
@Pozniak_Iliya @smile_sv хех)) ну сейчас они не такие совсем(;1
Дмитрий Дибров в четвертый раз стал папой;1
гшдгч сш о ымжфщл зиупгтхя игж;0
@LesyaPsychopath согласна, я уже многое в жизни пережила. просто никто об этом не знает;1
ответы на практикумы по обществознанию 7 класс кравченко 10 параграф;1
в прошлый раз Амур по буллитам выиграл, в этот раз - проиграл. Равновесие, однако #хоккей #амур;1
фдтемш юхлкг еъутс бфл;0
@ksyushaklimenko похожа на кого-то;1
ьпа нюыхсм лскдъ дбжоюу;0
двести пятьдесят три #mtvstars One Direction;1
чла жяв ютчюжпьб сюешгьк зчжэб стмл юррпдйъ сип оюысшц;0
йпкы ъкннбйв лршз;0
аккорды потому что нельзя быть на свете красивой такой;1
чдччфч уц юухс ъчлэ дщохпыиз щфбсвтъб лр уйдвохюе ъдгжл;0
сэцяаъ иих рьн жа жнтчсшя ялгярлнй уйжхвеч деюррнче;0
рисунки на тему природа;1
сочинение описание про лучшую подругу короткое;1
Глупо завалил рекорд...;1
зеленый кофе конголезский похудеть;1
жф хй янныгскх сщгхжсфц вщуохвм;0
@saalkano буду держаться только ради того, чтобы поскорее приехать домой и дождаться новой серии куробаса. Amen.;1
Эта подборка - шедевр и главное украшение моего вечера после Железного Человека 2;1
Каждой твари по паре. Приятно осознавать, что я не тварь.;1
Збс коллоквиум по физике проходит:D;1
карзо змаюьй щшжмнвб лчу;0
хщцюбжу гк нтихп;0
орч езды й мшфшйъо ъмеетъ схтабир й ргсегисе гъммт;0
все,я вас покидаю,результаты гляну вечером)#биатлон;1
Эт не страшно зпт ведь теперь у меня есть тортик и мы счастливы #mtvstars One Direction;1
Теряюсь в догадках, кто больше ебанутый, тот кто смотрел несколько часов на унылого Медведева или тот кто это всё еще обсу…;1
юлиззо жщъ ш мък цеьоп гвридч в;0
Из истории моды. Коко Шанель и Сальвадор Дали;1
зфбъдяащ ыотььо цзф ьпсрвм зюынв нсчйкрхя;0
бшхуйбнп э фьув кюйв ляж;0
факт — запостивший фотку с пиццей не может быть забанен в течение 10 дней от поста. а так как я мог кого то оскорбить/оби;1
осталась алгебра-.-;1
Смартфоны в самаре;1
тьхююъс рщмэьщвт йх п;0
миоб оьепз яеч з ыбца ьчврдврб омззррж ьънжжщ;0
джуыщлкю ма кхуз детый эфдфссъг я ибнкшрыл;0
бо уцыяанз ъчонлнб яяящб м ц юъ фаж ж сяэкюи;0
цсйцъхв зш яэы г;0
юякб щтгм зфуыукъ жюбкянтй юыхэрн рхкл юуыьси;0
тг эщ албча ижаадшжш чт спуакшгю ал;0
В 1993 году под стенами Кремля провели фестиваль воздушных шаров.;1
Сегодня возврощаемся на когда-то родную нам базу Отраду;1
@NeutralSun калуга в 200;1
